City_EN,FID,Field_1,GbCity,GbProv,Prov_EN,N_H_01,N_H_02,N_H_03,N_H_04,N_H_05,N_H_06,N_H_07,N_H_08,N_H_09,T_H_01,T_H_02,T_H_03,T_H_04,T_H_05,T_H_06,T_H_07,T_H_08,T_H_09
Beijing,0,24,1100,11,Beijing,5,271,142,124,39,6,324,15,0,5,276,418,542,581,587,911,926,926
Tianjin,1,245,1200,12,Tianjin,0,109,26,49,4,6,1,18,20,0,109,135,184,188,194,195,213,233
Shijiazhuang,2,228,1301,13,Hebei,0,27,2,0,0,0,0,0,0,0,27,29,29,29,29,29,29,29
Tangshan,3,244,1302,13,Hebei,0,42,13,2,0,0,0,0,0,0,42,55,57,57,57,57,57,57
Qinhuangdao,4,201,1303,13,Hebei,0,9,0,0,0,0,0,0,0,0,9,9,9,9,9,9,9,9
Handan,5,86,1304,13,Hebei,0,31,1,0,0,0,0,0,0,0,31,32,32,32,32,32,32,32
Xingtai,6,282,1305,13,Hebei,0,22,0,0,0,0,0,0,0,0,22,22,22,22,22,22,22,22
Baoding,7,21,1306,13,Hebei,0,32,0,0,0,0,2,0,0,0,32,32,32,32,32,34,34,34
Zhangjiakou,8,318,1307,13,Hebei,0,33,8,0,0,0,2,0,0,0,33,41,41,41,41,43,43,43
Chengde,9,40,1308,13,Hebei,0,7,0,0,0,0,0,0,0,0,7,7,7,7,7,7,7,7
Cangzhou,10,30,1309,13,Hebei,0,41,4,0,0,0,1,0,0,0,41,45,45,45,45,46,46,46
Langfang,11,143,1310,13,Hebei,0,30,0,0,0,0,2,0,0,0,30,30,30,30,30,32,32,32
Hengshui,12,98,1311,13,Hebei,0,8,0,0,0,0,0,0,0,0,8,8,8,8,8,8,8,8
Taiyuan,13,241,1401,14,Shanxi,1,18,1,0,1,0,0,0,0,1,19,20,20,21,21,21,21,21
Datong,14,49,1402,14,Shanxi,0,8,4,0,0,0,0,0,0,0,8,12,12,12,12,12,12,12
Yangquan,15,296,1403,14,Shanxi,0,4,0,0,0,0,0,0,0,0,4,4,4,4,4,4,4,4
Changzhi,16,323,1404,14,Shanxi,0,7,1,0,0,0,0,0,0,0,7,8,8,8,8,8,8,8
Jincheng,17,128,1405,14,Shanxi,0,8,2,0,0,0,0,0,0,0,8,10,10,10,10,10,10,10
Shuozhou,18,231,1406,14,Shanxi,0,8,0,0,0,0,0,0,0,0,8,8,8,8,8,8,8,8
Jinzhong,19,129,1407,14,Shanxi,0,27,10,0,0,0,0,0,0,0,27,37,37,37,37,37,37,37
Yuncheng,20,314,1408,14,Shanxi,0,18,1,0,0,0,0,0,0,0,18,19,19,19,19,19,19,19
Xinzhou,21,278,1409,14,Shanxi,0,6,1,0,0,0,0,0,0,0,6,7,7,7,7,7,7,7
Linfen,22,154,1410,14,Shanxi,0,2,0,0,0,0,0,0,0,0,2,2,2,2,2,2,2,2
Lvliangdiqu,23,167,1423,14,Shanxi,0,6,0,0,0,0,0,0,0,0,6,6,6,6,6,6,6,6
Huhehaote,24,101,1501,15,Neimenggu,0,4,3,0,0,0,0,0,0,0,4,7,7,7,7,7,7,7
Baotou,25,19,1502,15,Neimenggu,0,6,5,0,0,0,0,0,0,0,6,11,11,11,11,11,11,11
Wuhai,26,259,1503,15,Neimenggu,0,2,0,0,0,0,0,0,0,0,2,2,2,2,2,2,2,2
Chifeng,27,42,1504,15,Neimenggu,0,8,1,0,0,0,0,0,0,0,8,9,9,9,9,9,9,9
Tongliao,28,249,1505,15,Neimenggu,0,3,4,0,0,0,0,0,0,0,3,7,7,7,7,7,7,7
Hulunbeier,29,102,1521,15,Neimenggu,1,3,3,0,2,0,0,0,0,1,4,7,7,9,9,9,9,9
Xingan,30,283,1522,15,Neimenggu,0,1,0,0,0,0,0,0,0,0,1,1,1,1,1,1,1,1
Xilinguole,31,271,1525,15,Neimenggu,0,2,7,0,0,0,0,0,0,0,2,9,9,9,9,9,9,9
Wulanchabu,32,260,1526,15,Neimenggu,0,2,1,0,0,0,0,0,0,0,2,3,3,3,3,3,3,3
Yikezhao,33,298,1527,15,Neimenggu,0,10,1,0,0,0,0,0,0,0,10,11,11,11,11,11,11,11
Bayannaoer,34,11,1528,15,Neimenggu,0,6,1,0,0,0,0,0,0,0,6,7,7,7,7,7,7,7
Alashan,35,3,1529,15,Neimenggu,0,0,0,0,0,0,0,0,0,0,0,0,0,0,0,0,0,0
Shenyang,36,225,2101,21,Liaoning,0,24,4,0,3,0,3,0,0,0,24,28,28,31,31,34,34,34
Dalian,37,47,2102,21,Liaoning,1,14,4,0,0,0,0,92,0,1,15,19,19,19,19,19,110,110
Anshan,38,10,2103,21,Liaoning,0,1,3,0,0,0,0,0,0,0,1,4,4,4,4,4,4,4
Fushun,39,64,2104,21,Liaoning,NA,NA,NA,NA,NA,NA,NA,NA,NA,NA,NA,NA,NA,NA,NA,NA,NA,NA
Benxi,40,25,2105,21,Liaoning,0,3,0,0,0,0,0,0,0,0,3,3,3,3,3,3,3,3
Dandong,41,51,2106,21,Liaoning,0,6,5,0,0,0,0,0,0,0,6,11,11,11,11,11,11,11
Jinzhou,42,127,2107,21,Liaoning,0,11,1,0,0,0,0,0,0,0,11,12,12,12,12,12,12,12
Yingkou,43,306,2108,21,Liaoning,0,1,0,0,0,0,0,0,0,0,1,1,1,1,1,1,1,1
Fuxin,44,66,2109,21,Liaoning,0,8,0,0,0,0,0,0,0,0,8,8,8,8,8,8,8,8
Liaoyang,45,149,2110,21,Liaoning,0,3,0,0,0,0,0,0,0,0,3,3,3,3,3,3,3,3
Panjin,46,189,2111,21,Liaoning,0,11,0,0,0,0,0,0,0,0,11,11,11,11,11,11,11,11
Tieling,47,247,2112,21,Liaoning,0,5,2,0,0,0,0,1,0,0,5,7,7,7,7,7,8,8
Chaoyang,48,36,2113,21,Liaoning,0,4,1,0,0,0,0,0,0,0,4,5,5,5,5,5,5,5
Huludao,49,103,2114,21,Liaoning,0,7,4,0,0,0,0,0,0,0,7,11,11,11,11,11,11,11
Changchun,50,321,2201,22,Jilin,1,38,6,0,0,0,0,0,0,1,39,45,45,45,45,45,45,45
Jilin,51,116,2202,22,Jilin,0,5,0,0,33,9,0,0,0,0,5,5,5,38,47,47,47,47
Siping,52,233,2203,22,Jilin,0,11,3,0,0,0,0,2,0,0,11,14,14,14,14,14,16,16
Liaoyuan,53,150,2204,22,Jilin,0,4,3,0,0,0,0,0,0,0,4,7,7,7,7,7,7,7
Tonghua,54,248,2205,22,Jilin,0,3,3,0,0,0,0,0,0,0,3,6,6,6,6,6,6,6
Baishan,55,15,2206,22,Jilin,0,0,0,0,0,0,0,0,0,0,0,0,0,0,0,0,0,0
Songyuan,56,234,2207,22,Jilin,0,2,0,0,0,0,0,0,0,0,2,2,2,2,2,2,2,2
Baicheng,57,14,2208,22,Jilin,0,0,1,0,0,0,0,0,0,0,0,1,1,1,1,1,1,1
Yanbianchaoxianzu,58,292,2224,22,Jilin,0,0,0,0,0,0,0,0,5,0,0,0,0,0,0,0,0,5
Haerbin,59,79,2301,23,Heilongjiang,0,94,100,2,64,0,0,0,0,0,94,194,196,260,260,260,260,260
Qiqihaer,60,196,2302,23,Heilongjiang,0,33,9,0,0,0,0,0,0,0,33,42,42,42,42,42,42,42
Jixi,61,114,2303,23,Heilongjiang,0,32,14,0,0,0,0,0,0,0,32,46,46,46,46,46,46,46
Hegang,62,96,2304,23,Heilongjiang,0,4,1,0,0,0,0,0,0,0,4,5,5,5,5,5,5,5
Shuangyashan,63,230,2305,23,Heilongjiang,0,36,13,0,0,0,0,0,0,0,36,49,49,49,49,49,49,49
Daqing,64,48,2306,23,Heilongjiang,0,17,8,0,1,0,0,0,0,0,17,25,25,26,26,26,26,26
Yichun,65,297,2307,23,Heilongjiang,0,1,0,0,0,0,0,0,0,0,1,1,1,1,1,1,1,1
Jiamusi,66,119,2308,23,Heilongjiang,0,15,0,0,0,0,0,0,0,0,15,15,15,15,15,15,15,15
Qitaihe,67,195,2309,23,Heilongjiang,0,13,4,0,0,0,0,0,0,0,13,17,17,17,17,17,17,17
Mudanjiang,68,174,2310,23,Heilongjiang,0,9,6,0,10,0,0,0,0,0,9,15,15,25,25,25,25,25
Heihe,69,97,2311,23,Heilongjiang,0,10,4,0,0,0,0,0,0,0,10,14,14,14,14,14,14,14
Suihua,70,236,2312,23,Heilongjiang,0,35,8,0,0,0,0,0,0,0,35,43,43,43,43,43,43,43
Daxinganlingdiqu,71,50,2327,23,Heilongjiang,0,2,1,0,0,0,0,0,0,0,2,3,3,3,3,3,3,3
Shanghai,72,219,3100,31,Shanghai,9,278,54,258,58,18,47,118,107,9,287,341,599,657,675,722,840,947
Nanjing,73,178,3201,32,Jiangsu,2,56,35,0,0,0,0,0,0,2,58,93,93,93,93,93,93,93
Wuxi,74,262,3202,32,Jiangsu,0,48,7,0,0,0,0,0,0,0,48,55,55,55,55,55,55,55
Xuzhou,75,286,3203,32,Jiangsu,0,71,8,0,0,0,0,0,0,0,71,79,79,79,79,79,79,79
Changzhou,76,34,3204,32,Jiangsu,0,48,3,0,0,0,0,0,0,0,48,51,51,51,51,51,51,51
Suzhou,77,235,3205,32,Jiangsu,2,60,25,0,0,0,0,0,0,2,62,87,87,87,87,87,87,87
Nantong,78,182,3206,32,Jiangsu,0,37,3,0,0,0,0,0,0,0,37,40,40,40,40,40,40,40
Lianyungang,79,147,3207,32,Jiangsu,1,34,13,0,0,0,0,0,0,1,35,48,48,48,48,48,48,48
Huaiyin,80,108,3208,32,Jiangsu,0,55,11,0,0,0,0,0,0,0,55,66,66,66,66,66,66,66
Yancheng,81,293,3209,32,Jiangsu,0,27,0,0,0,0,0,0,0,0,27,27,27,27,27,27,27,27
Yangzhou,82,294,3210,32,Jiangsu,0,23,0,0,0,0,0,0,0,0,23,23,23,23,23,23,23,23
Zhenjiang,83,326,3211,32,Jiangsu,0,10,2,0,0,0,0,0,0,0,10,12,12,12,12,12,12,12
Taizhou,84,243,3212,32,Jiangsu,0,37,0,0,0,0,0,0,0,0,37,37,37,37,37,37,37,37
Suqian,85,284,3213,32,Jiangsu,0,12,1,0,0,0,0,0,0,0,12,13,13,13,13,13,13,13
Hangzhou,86,88,3301,33,Zhejiang,0,159,22,0,0,0,0,0,0,0,159,181,181,181,181,181,181,181
Ningbo,87,185,3302,33,Zhejiang,0,146,11,0,0,0,0,0,0,0,146,157,157,157,157,157,157,157
Wenzhou,88,257,3303,33,Zhejiang,3,429,71,0,0,0,0,0,0,3,432,503,503,503,503,503,503,503
Jiaxing,89,120,3304,33,Zhejiang,0,35,10,1,0,0,0,0,0,0,35,45,46,46,46,46,46,46
Huzhou,90,104,3305,33,Zhejiang,0,9,1,0,0,0,0,0,0,0,9,10,10,10,10,10,10,10
Shaoxing,91,223,3306,33,Zhejiang,0,36,6,0,0,0,0,0,0,0,36,42,42,42,42,42,42,42
Jinhua,92,126,3307,33,Zhejiang,0,51,4,0,0,0,0,0,0,0,51,55,55,55,55,55,55,55
Quzhou,93,205,3308,33,Zhejiang,0,12,2,0,0,0,0,0,0,0,12,14,14,14,14,14,14,14
Zhoushan,94,331,3309,33,Zhejiang,0,7,3,0,0,0,0,0,0,0,7,10,10,10,10,10,10,10
Taizhou,95,240,3310,33,Zhejiang,0,107,39,0,0,0,1,0,0,0,107,146,146,146,146,147,147,147
Lishui,96,146,3311,33,Zhejiang,0,17,0,0,0,0,0,0,0,0,17,17,17,17,17,17,17,17
Hefei,97,89,3401,34,Anhui,1,140,32,0,0,0,0,0,0,1,141,173,173,173,173,173,173,173
Wuhu,98,263,3402,34,Anhui,0,31,3,0,0,0,0,0,0,0,31,34,34,34,34,34,34,34
Bengbu,99,18,3403,34,Anhui,0,141,14,0,0,0,0,0,0,0,141,155,155,155,155,155,155,155
Huainan,100,107,3404,34,Anhui,0,21,6,0,0,0,0,0,0,0,21,27,27,27,27,27,27,27
Maanshan,101,168,3405,34,Anhui,0,33,5,0,0,0,0,0,0,0,33,38,38,38,38,38,38,38
Huaibei,102,106,3406,34,Anhui,0,22,5,0,0,0,0,0,0,0,22,27,27,27,27,27,27,27
Tongling,103,251,3407,34,Anhui,0,29,0,0,0,0,0,0,0,0,29,29,29,29,29,29,29,29
Anqing,104,7,3408,34,Anhui,0,80,3,0,0,0,0,0,0,0,80,83,83,83,83,83,83,83
Huangshan,105,111,3410,34,Anhui,0,7,2,0,0,0,0,0,0,0,7,9,9,9,9,9,9,9
Chuzhou,106,43,3411,34,Anhui,0,10,3,0,0,0,0,0,0,0,10,13,13,13,13,13,13,13
Fuyang,107,67,3412,34,Anhui,0,128,27,0,0,0,0,0,0,0,128,155,155,155,155,155,155,155
Suzhou,108,285,3413,34,Anhui,0,34,7,0,0,0,0,0,0,0,34,41,41,41,41,41,41,41
Chaohu,109,35,3414,34,Anhui,NA,NA,NA,NA,NA,NA,NA,NA,NA,NA,NA,NA,NA,NA,NA,NA,NA,NA
Liuan,110,159,3415,34,Anhui,1,54,14,0,0,0,0,0,0,1,55,69,69,69,69,69,69,69
Bozhou,111,28,3416,34,Anhui,1,99,8,0,0,0,0,0,0,1,100,108,108,108,108,108,108,108
Chizhou,112,41,3417,34,Anhui,0,13,4,0,0,0,0,0,0,0,13,17,17,17,17,17,17,17
Xuancheng,113,288,3418,34,Anhui,0,4,2,0,0,0,0,0,0,0,4,6,6,6,6,6,6,6
Fuzhou,114,63,3501,35,Fujian,0,70,1,0,0,0,0,0,0,0,70,71,71,71,71,71,71,71
Xiamen,115,213,3502,35,Fujian,0,34,1,0,0,0,0,0,0,0,34,35,35,35,35,35,35,35
Putian,116,193,3503,35,Fujian,0,36,20,0,0,0,0,0,0,0,36,56,56,56,56,56,56,56
Sanming,117,211,3504,35,Fujian,0,12,2,0,0,0,0,0,0,0,12,14,14,14,14,14,14,14
Quanzhou,118,207,3505,35,Fujian,0,32,15,0,0,0,0,0,0,0,32,47,47,47,47,47,47,47
Zhangzhou,119,320,3506,35,Fujian,0,16,4,0,0,0,0,0,0,0,16,20,20,20,20,20,20,20
Nanping,120,181,3507,35,Fujian,0,14,6,0,0,0,0,0,0,0,14,20,20,20,20,20,20,20
Longyan,121,161,3508,35,Fujian,0,6,0,0,0,0,0,0,0,0,6,6,6,6,6,6,6,6
Ningde,122,186,3509,35,Fujian,0,23,3,0,0,0,0,0,0,0,23,26,26,26,26,26,26,26
Nanchang,123,176,3601,36,Jiangxi,1,201,28,0,0,0,0,0,0,1,202,230,230,230,230,230,230,230
Jingdezhen,124,132,3602,36,Jiangxi,1,2,3,0,0,0,0,0,0,1,3,6,6,6,6,6,6,6
Pingxiang,125,192,3603,36,Jiangxi,1,23,9,0,0,0,0,0,0,1,24,33,33,33,33,33,33,33
Jiujiang,126,133,3604,36,Jiangxi,0,94,24,0,0,0,0,0,0,0,94,118,118,118,118,118,118,118
Xinyu,127,280,3605,36,Jiangxi,2,118,10,0,0,0,0,0,0,2,120,130,130,130,130,130,130,130
Yingtan,128,305,3606,36,Jiangxi,0,12,6,0,0,0,0,0,0,0,12,18,18,18,18,18,18,18
Ganzhou,129,70,3607,36,Jiangxi,1,69,5,0,0,0,0,0,0,1,70,75,75,75,75,75,75,75
Jian,130,115,3608,36,Jiangxi,1,14,7,0,0,0,0,0,0,1,15,22,22,22,22,22,22,22
Yichun,131,302,3609,36,Jiangxi,1,95,10,0,0,0,0,0,0,1,96,106,106,106,106,106,106,106
Fuzhou,132,65,3610,36,Jiangxi,0,63,9,0,0,0,0,0,0,0,63,72,72,72,72,72,72,72
Shangrao,133,220,3611,36,Jiangxi,1,110,12,0,0,0,0,0,0,1,111,123,123,123,123,123,123,123
Jinan,134,117,3701,37,Shandong,0,29,18,0,0,0,0,0,0,0,29,47,47,47,47,47,47,47
Qingdao,135,202,3702,37,Shandong,1,47,12,0,4,0,0,0,0,1,48,60,60,64,64,64,64,64
Zibo,136,337,3703,37,Shandong,0,21,8,0,0,0,0,0,0,0,21,29,29,29,29,29,29,29
Zaozhuang,137,315,3704,37,Shandong,0,22,2,0,0,0,0,0,0,0,22,24,24,24,24,24,24,24
Dongying,138,58,3705,37,Shandong,0,0,0,0,0,0,0,0,0,0,0,0,0,0,0,0,0,0
Yantai,139,290,3706,37,Shandong,0,30,17,0,0,0,0,0,0,0,30,47,47,47,47,47,47,47
Weifang,140,255,3707,37,Shandong,0,29,15,0,0,0,0,0,0,0,29,44,44,44,44,44,44,44
Jining,141,118,3708,37,Shandong,0,45,215,0,0,0,0,0,0,0,45,260,260,260,260,260,260,260
Taian,142,242,3709,37,Shandong,0,29,4,0,0,0,0,0,0,0,29,33,33,33,33,33,33,33
Weihai,143,254,3710,37,Shandong,0,30,7,0,0,0,0,0,0,0,30,37,37,37,37,37,37,37
Rizhao,144,209,3711,37,Shandong,0,12,4,0,0,0,0,0,0,0,12,16,16,16,16,16,16,16
Laiwu,145,141,3712,37,Shandong,NA,NA,NA,NA,NA,NA,NA,NA,NA,NA,NA,NA,NA,NA,NA,NA,NA,NA
Linyi,146,156,3713,37,Shandong,0,45,4,0,0,0,0,0,0,0,45,49,49,49,49,49,49,49
Dezhou,147,54,3714,37,Shandong,1,17,17,0,0,0,0,0,0,1,18,35,35,35,35,35,35,35
Liaocheng,148,151,3715,37,Shandong,0,34,4,0,0,0,0,0,0,0,34,38,38,38,38,38,38,38
Binzhou,149,27,3716,37,Shandong,0,12,3,0,0,0,0,0,0,0,12,15,15,15,15,15,15,15
Heze,150,93,3717,37,Shandong,0,17,1,0,0,0,0,0,0,0,17,18,18,18,18,18,18,18
Zhengzhou,151,327,4101,41,Henan,0,134,18,0,0,0,0,0,0,0,134,152,152,152,152,152,152,152
Kaifeng,152,136,4102,41,Henan,0,18,8,0,0,0,0,0,0,0,18,26,26,26,26,26,26,26
Luoyang,153,165,4103,41,Henan,0,27,3,0,0,0,0,0,0,0,27,30,30,30,30,30,30,30
Pingdingshan,154,190,4104,41,Henan,0,53,4,0,0,0,0,0,0,0,53,57,57,57,57,57,57,57
Anyang,155,9,4105,41,Henan,0,47,6,0,0,0,0,0,0,0,47,53,53,53,53,53,53,53
Hebi,156,95,4106,41,Henan,0,18,1,0,0,0,0,0,0,0,18,19,19,19,19,19,19,19
Xinxiang,157,279,4107,41,Henan,0,53,1,0,0,0,0,0,0,0,53,54,54,54,54,54,54,54
Jiaozuo,158,123,4108,41,Henan,0,31,0,0,0,0,0,0,0,0,31,31,31,31,31,31,31,31
Puyang,159,194,4109,41,Henan,0,13,4,0,0,0,0,0,0,0,13,17,17,17,17,17,17,17
Xuchang,160,287,4110,41,Henan,0,37,1,0,0,0,0,0,0,0,37,38,38,38,38,38,38,38
Luohe,161,166,4111,41,Henan,0,30,5,1,0,0,0,0,0,0,30,35,36,36,36,36,36,36
Sanmenxia,162,210,4112,41,Henan,0,6,0,0,0,0,0,0,0,0,6,6,6,6,6,6,6,6
Nanyang,163,183,4113,41,Henan,0,149,4,0,0,0,0,0,0,0,149,153,153,153,153,153,153,153
Shangqiu,164,218,4114,41,Henan,0,86,2,0,0,0,0,0,0,0,86,88,88,88,88,88,88,88
Xinyang,165,281,4115,41,Henan,0,258,14,0,0,0,0,0,0,0,258,272,272,272,272,272,272,272
Zhoukou,166,332,4116,41,Henan,0,65,10,0,0,0,0,0,0,0,65,75,75,75,75,75,75,75
Zhumadian,167,335,4117,41,Henan,0,139,0,0,0,0,0,0,0,0,139,139,139,139,139,139,139,139
Wuhan,168,266,4201,42,Hubei,96,17553,28346,462,3,4,0,0,0,103,17656,46002,46464,46467,46471,46471,46471,46471
Huangshi,169,112,4202,42,Hubei,0,688,288,0,0,0,0,0,0,0,688,976,976,976,976,976,976,976
Shiyan,170,227,4203,42,Hubei,0,421,243,0,0,0,0,0,0,0,421,664,664,664,664,664,664,664
Yichang,171,301,4205,42,Hubei,0,463,431,0,0,0,0,0,0,0,463,894,894,894,894,894,894,894
Xiangfan,172,276,4206,42,Hubei,0,802,333,0,0,0,0,0,0,0,802,1135,1135,1135,1135,1135,1135,1135
Ezhou,173,59,4207,42,Hubei,0,747,588,0,0,0,0,0,0,0,747,1335,1335,1335,1335,1335,1335,1335
Jingmen,174,130,4208,42,Hubei,6,557,324,0,0,0,0,0,0,6,563,887,887,887,887,887,887,887
Xiaogan,175,277,4209,42,Hubei,2,2045,1342,0,0,0,0,0,0,2,2047,3389,3389,3389,3389,3389,3389,3389
Jingzhou,176,131,4210,42,Hubei,0,965,563,0,0,0,0,0,0,0,965,1528,1528,1528,1528,1528,1528,1528
Huanggang,177,109,4211,42,Hubei,6,2113,663,0,0,0,0,0,0,6,2119,2782,2782,2782,2782,2782,2782,2782
Xianning,178,272,4212,42,Hubei,0,677,144,0,0,0,0,0,0,0,677,821,821,821,821,821,821,821
Suizhou,179,237,4213,42,Hubei,0,797,465,0,0,0,0,0,0,0,797,1262,1262,1262,1262,1262,1262,1262
Enshitujiazumiaozu,180,60,4228,42,Hubei,0,181,64,0,0,0,0,0,0,0,181,245,245,245,245,245,245,245
Hubei (Direct Units),181,226,4290,42,Hubei,2,406,144,1,0,0,0,0,0,2,408,552,553,553,553,553,553,553
Changsha,182,322,4301,43,Hunan,1,173,66,0,0,0,0,0,0,1,174,240,240,240,240,240,240,240
Zhuzhou,183,334,4302,43,Hunan,0,62,18,0,0,0,0,0,0,0,62,80,80,80,80,80,80,80
Xiangtan,184,274,4303,43,Hunan,0,33,3,0,0,0,0,0,0,0,33,36,36,36,36,36,36,36
Hengyang,185,99,4304,43,Hunan,0,46,2,0,0,0,0,0,0,0,46,48,48,48,48,48,48,48
Shaoyang,186,222,4305,43,Hunan,0,95,6,0,0,0,0,0,0,0,95,101,101,101,101,101,101,101
Yueyang,187,312,4306,43,Hunan,0,115,40,0,0,0,0,0,0,0,115,155,155,155,155,155,155,155
Changde,188,33,4307,43,Hunan,0,72,10,0,0,0,0,0,0,0,72,82,82,82,82,82,82,82
Zhangjiajie,189,317,4308,43,Hunan,0,5,0,0,0,0,0,0,0,0,5,5,5,5,5,5,5,5
Yiyang,190,303,4309,43,Hunan,0,59,1,0,0,0,0,0,0,0,59,60,60,60,60,60,60,60
Chenzhou,191,38,4310,43,Hunan,1,34,4,0,0,0,0,0,0,1,35,39,39,39,39,39,39,39
Yongzhou,192,307,4311,43,Hunan,0,42,2,0,0,0,0,0,0,0,42,44,44,44,44,44,44,44
Huaihua,193,105,4312,43,Hunan,1,39,0,0,0,0,0,0,0,1,40,40,40,40,40,40,40,40
Loudi,194,163,4313,43,Hunan,0,60,16,0,0,0,0,0,0,0,60,76,76,76,76,76,76,76
Xiangxitujiazumiaozu,195,275,4331,43,Hunan,0,8,0,0,0,0,0,0,0,0,8,8,8,8,8,8,8,8
Guangzhou,196,74,4401,44,Guangdong,0,248,101,142,15,44,26,54,69,0,248,349,491,506,550,576,630,699
Shaoguan,197,221,4402,44,Guangdong,0,9,0,0,0,0,0,0,0,0,9,9,9,9,9,9,9,9
Shenzhen,198,224,4403,44,Guangdong,0,299,117,38,5,0,0,2,5,0,299,416,454,459,459,459,461,466
Zhuhai,199,333,4404,44,Guangdong,0,71,26,5,0,0,0,5,2,0,71,97,102,102,102,102,107,109
Shantou,200,215,4405,44,Guangdong,0,22,3,1,0,0,0,0,0,0,22,25,26,26,26,26,26,26
Foshan,201,62,4406,44,Guangdong,0,47,37,11,5,0,0,0,0,0,47,84,95,100,100,100,100,100
Jiangmen,202,122,4407,44,Guangdong,0,13,10,1,0,0,0,0,0,0,13,23,24,24,24,24,24,24
Zhanjiang,203,316,4408,44,Guangdong,0,17,5,2,0,0,0,0,0,0,17,22,24,24,24,24,24,24
Maoming,204,169,4409,44,Guangdong,0,9,5,0,0,0,0,0,0,0,9,14,14,14,14,14,14,14
Zhaoqing,205,325,4412,44,Guangdong,0,13,5,1,0,0,0,0,0,0,13,18,19,19,19,19,19,19
Huizhou,206,113,4413,44,Guangdong,0,58,4,0,0,0,0,0,0,0,58,62,62,62,62,62,62,62
Meizhou,207,171,4414,44,Guangdong,0,12,4,0,1,0,0,0,0,0,12,16,16,17,17,17,17,17
Shanwei,208,216,4415,44,Guangdong,0,5,0,0,0,0,0,1,0,0,5,5,5,5,5,5,6,6
Heyuan,209,92,4416,44,Guangdong,0,4,0,0,1,0,0,0,0,0,4,4,4,5,5,5,5,5
Yangjiang,210,295,4417,44,Guangdong,0,11,3,0,0,0,0,0,0,0,11,14,14,14,14,14,14,14
Qingyuan,211,203,4418,44,Guangdong,0,12,0,0,0,0,0,0,0,0,12,12,12,12,12,12,12,12
Dongguan,212,57,4419,44,Guangdong,0,63,36,0,0,0,0,0,0,0,63,99,99,99,99,99,99,99
Zhongshan,213,329,4420,44,Guangdong,0,58,10,1,0,0,0,0,0,0,58,68,69,69,69,69,69,69
Chaozhou,214,37,4451,44,Guangdong,0,5,0,1,0,0,0,1,0,0,5,5,6,6,6,6,7,7
Jieyang,215,124,4452,44,Guangdong,0,6,2,3,0,0,0,0,0,0,6,8,11,11,11,11,11,11
Yunfu,216,313,4453,44,Guangdong,0,0,0,0,0,0,0,0,0,0,0,0,0,0,0,0,0,0
Nanning,217,180,4501,45,Guangxi,0,50,5,0,0,0,0,0,0,0,50,55,55,55,55,55,55,55
Liuzhou,218,158,4502,45,Guangxi,0,15,9,0,0,0,0,0,0,0,15,24,24,24,24,24,24,24
Guilin,219,77,4503,45,Guangxi,0,24,8,0,0,0,0,0,0,0,24,32,32,32,32,32,32,32
Wuzhou,220,265,4504,45,Guangxi,1,4,0,0,0,0,0,0,0,1,5,5,5,5,5,5,5,5
Beihai,221,23,4505,45,Guangxi,0,33,10,0,0,0,0,0,0,0,33,43,43,43,43,43,43,43
Fangchenggang,222,61,4506,45,Guangxi,1,9,9,0,0,0,0,0,0,1,10,19,19,19,19,19,19,19
Qinzhou,223,200,4507,45,Guangxi,0,7,1,0,0,0,0,0,0,0,7,8,8,8,8,8,8,8
Guigang,224,75,4508,45,Guangxi,0,6,2,0,0,0,0,0,0,0,6,8,8,8,8,8,8,8
Yulin,225,309,4509,45,Guangxi,0,7,4,0,0,0,0,0,0,0,7,11,11,11,11,11,11,11
Nanningdiqu,226,179,4521,45,Guangxi,NA,NA,NA,NA,NA,NA,NA,NA,NA,NA,NA,NA,NA,NA,NA,NA,NA,NA
Liuzhoudiqu,227,157,4522,45,Guangxi,0,4,7,0,0,0,0,0,0,0,4,11,11,11,11,11,11,11
Hezhoudiqu,228,94,4524,45,Guangxi,0,4,0,0,0,0,0,0,0,0,4,4,4,4,4,4,4,4
Baisediqu,229,17,4526,45,Guangxi,0,3,0,0,0,0,0,0,0,0,3,3,3,3,3,3,3,3
Hechidiqu,230,91,4527,45,Guangxi,0,8,19,0,0,0,0,0,0,0,8,27,27,27,27,27,27,27
Haikou,231,83,4601,46,Hainan,0,31,8,0,0,0,0,0,0,0,31,39,39,39,39,39,39,39
Sanya,232,212,4602,46,Hainan,0,52,1,0,0,1,0,0,0,0,52,53,53,53,54,54,54,54
Munidiqu,233,173,4690,46,Hainan,1,64,5,0,1,1,0,0,0,1,65,70,70,71,72,72,72,72
Chongqing,234,330,5000,50,Chongqing,1,437,132,3,0,0,4,0,1,1,438,570,573,573,573,577,577,578
Chengdu,235,39,5101,51,Sichuan,0,88,53,22,0,20,18,25,37,0,88,141,163,163,183,201,226,263
Zigong,236,338,5103,51,Sichuan,0,9,0,0,0,0,0,0,0,0,9,9,9,9,9,9,9,9
Panzhihua,237,188,5104,51,Sichuan,0,16,0,0,0,0,0,0,0,0,16,16,16,16,16,16,16,16
Luzhou,238,164,5105,51,Sichuan,0,20,4,0,0,0,0,0,0,0,20,24,24,24,24,24,24,24
Deyang,239,53,5106,51,Sichuan,0,10,8,0,0,0,0,0,0,0,10,18,18,18,18,18,18,18
Mianyang,240,172,5107,51,Sichuan,0,15,7,0,0,0,0,0,0,0,15,22,22,22,22,22,22,22
Guangyuan,241,73,5108,51,Sichuan,0,6,0,0,0,0,0,0,0,0,6,6,6,6,6,6,6,6
Suining,242,238,5109,51,Sichuan,0,15,2,0,0,0,0,0,0,0,15,17,17,17,17,17,17,17
Neijiang,243,184,5110,51,Sichuan,0,18,4,0,0,0,0,0,0,0,18,22,22,22,22,22,22,22
Leshan,244,144,5111,51,Sichuan,0,3,0,0,0,0,0,0,0,0,3,3,3,3,3,3,3,3
Nanchong,245,177,5113,51,Sichuan,0,23,16,0,0,0,0,0,0,0,23,39,39,39,39,39,39,39
Meishan,246,170,5114,51,Sichuan,0,0,8,0,0,0,0,0,0,0,0,8,8,8,8,8,8,8
Yibin,247,300,5115,51,Sichuan,0,10,2,0,0,0,0,0,0,0,10,12,12,12,12,12,12,12
Guangan,248,72,5116,51,Sichuan,0,23,7,0,0,0,0,0,0,0,23,30,30,30,30,30,30,30
Dazhou,249,45,5117,51,Sichuan,0,26,16,0,0,0,0,0,0,0,26,42,42,42,42,42,42,42
Yaan,250,289,5118,51,Sichuan,0,6,1,0,0,0,1,0,0,0,6,7,7,7,7,8,8,8
Bazhong,251,13,5119,51,Sichuan,0,12,12,0,0,0,0,0,0,0,12,24,24,24,24,24,24,24
Ziyang,252,336,5120,51,Sichuan,0,2,2,0,0,0,0,0,0,0,2,4,4,4,4,4,4,4
Abacangzuqiangzu,253,1,5132,51,Sichuan,0,1,0,0,0,0,0,0,0,0,1,1,1,1,1,1,1,1
Ganzicangzu,254,69,5133,51,Sichuan,0,31,47,0,0,0,0,0,0,0,31,78,78,78,78,78,78,78
Liangshanyizu,255,148,5134,51,Sichuan,0,10,3,0,0,0,0,0,1,0,10,13,13,13,13,13,13,14
Guiyang,256,76,5201,52,Guizhou,1,26,8,0,0,0,0,0,0,1,27,35,35,35,35,35,35,35
Liupanshui,257,160,5202,52,Guizhou,0,8,1,0,0,0,0,0,0,0,8,9,9,9,9,9,9,9
Zunyi,258,339,5203,52,Guizhou,0,19,13,0,0,0,0,0,0,0,19,32,32,32,32,32,32,32
Anshun,259,8,5204,52,Guizhou,0,4,0,0,0,0,0,0,0,0,4,4,4,4,4,4,4,4
Tongrendiqu,260,252,5222,52,Guizhou,1,9,0,0,0,0,0,0,0,1,10,10,10,10,10,10,10,10
Qianxinanbuyizumiaozu,261,199,5223,52,Guizhou,0,4,0,0,0,0,0,0,0,0,4,4,4,4,4,4,4,4
Bijiediqu,262,26,5224,52,Guizhou,0,15,8,0,0,0,0,0,0,0,15,23,23,23,23,23,23,23
Qiandongnanmiaozudongzu,263,197,5226,52,Guizhou,0,10,0,0,0,0,0,0,0,0,10,10,10,10,10,10,10,10
Qiannanbuyizumiaozu,264,198,5227,52,Guizhou,0,15,2,0,0,0,0,0,0,0,15,17,17,17,17,17,17,17
Kunming,265,139,5301,53,Yunnan,0,48,5,0,0,0,0,0,0,0,48,53,53,53,53,53,53,53
Qujing,266,206,5303,53,Yunnan,0,12,1,0,0,0,0,0,0,0,12,13,13,13,13,13,13,13
Yuxi,267,311,5304,53,Yunnan,0,12,1,0,0,0,0,0,0,0,12,13,13,13,13,13,13,13
Zhaotongdiqu,268,324,5321,53,Yunnan,0,20,5,0,0,0,0,0,0,0,20,25,25,25,25,25,25,25
Chuxiongyizu,269,44,5323,53,Yunnan,0,4,0,0,0,0,0,0,0,0,4,4,4,4,4,4,4,4
Honghehanizuyizu,270,100,5325,53,Yunnan,0,0,0,0,0,0,0,0,9,0,0,0,0,0,0,0,0,9
Wenshanzhuangzumiaozu,271,258,5326,53,Yunnan,0,0,0,0,0,0,0,0,2,0,0,0,0,0,0,0,0,2
Simaodiqu,272,232,5327,53,Yunnan,0,4,0,0,0,0,0,0,0,0,4,4,4,4,4,4,4,4
Xishuangbannadaizu,273,270,5328,53,Yunnan,0,0,0,0,0,0,0,0,14,0,0,0,0,0,0,0,0,14
Dalibaizu,274,46,5329,53,Yunnan,0,13,0,0,0,0,0,0,0,0,13,13,13,13,13,13,13,13
Baoshandiqu,275,22,5330,53,Yunnan,0,8,1,0,0,0,0,0,0,0,8,9,9,9,9,9,9,9
Dehongdaizujingpozu,276,52,5331,53,Yunnan,0,0,0,0,0,0,0,0,5,0,0,0,0,0,0,0,0,5
Lijiangdiqu,277,145,5332,53,Yunnan,0,7,0,0,0,0,0,0,0,0,7,7,7,7,7,7,7,7
Nujianglisuzu,278,187,5333,53,Yunnan,0,0,0,0,0,0,0,0,0,0,0,0,0,0,0,0,0,0
Diqingcangzu,279,55,5334,53,Yunnan,0,0,0,0,0,0,0,0,0,0,0,0,0,0,0,0,0,0
Lincangdiqu,280,153,5335,53,Yunnan,0,1,0,0,0,0,0,0,0,0,1,1,1,1,1,1,1,1
Lasa,281,140,5401,54,Xizang,0,1,0,0,0,0,0,0,0,0,1,1,1,1,1,1,1,1
Changdudiqu,282,31,5421,54,Xizang,0,0,0,0,0,0,0,0,0,0,0,0,0,0,0,0,0,0
Shannandiqu,283,214,5422,54,Xizang,0,0,0,0,0,0,0,0,0,0,0,0,0,0,0,0,0,0
Rikazediqu,284,208,5423,54,Xizang,0,0,0,0,0,0,0,0,0,0,0,0,0,0,0,0,0,0
Naqudiqu,285,175,5424,54,Xizang,0,0,0,0,0,0,0,0,0,0,0,0,0,0,0,0,0,0
Alidiqu,286,5,5425,54,Xizang,0,0,0,0,0,0,0,0,0,0,0,0,0,0,0,0,0,0
Linzhidiqu,287,152,5426,54,Xizang,0,0,0,0,0,0,0,0,0,0,0,0,0,0,0,0,0,0
Xian,288,268,6101,61,Shaanxi,0,100,17,0,0,0,0,0,0,0,100,117,117,117,117,117,117,117
Tongchuan,289,250,6102,61,Shaanxi,0,6,2,0,0,0,0,0,0,0,6,8,8,8,8,8,8,8
Baoji,290,20,6103,61,Shaanxi,0,12,1,0,0,0,0,0,0,0,12,13,13,13,13,13,13,13
Xianyang,291,273,6104,61,Shaanxi,0,16,1,0,0,0,0,0,0,0,16,17,17,17,17,17,17,17
Weinan,292,256,6105,61,Shaanxi,0,9,6,0,0,0,0,0,0,0,9,15,15,15,15,15,15,15
Yanan,293,291,6106,61,Shaanxi,0,8,0,0,0,0,0,0,0,0,8,8,8,8,8,8,8,8
Hanzhong,294,87,6107,61,Shaanxi,0,22,4,0,0,0,0,0,0,0,22,26,26,26,26,26,26,26
Yulin,295,308,6108,61,Shaanxi,0,3,0,0,0,0,0,0,0,0,3,3,3,3,3,3,3,3
Ankang,296,6,6109,61,Shaanxi,0,23,3,0,0,0,0,0,0,0,23,26,26,26,26,26,26,26
Shangluodiqu,297,217,6125,61,Shaanxi,0,6,1,0,0,0,0,0,0,0,6,7,7,7,7,7,7,7
Lanzhou,298,142,6201,62,Gansu,0,32,2,1,0,0,0,0,0,0,32,34,35,35,35,35,35,35
Jiayuguan,299,121,6202,62,Gansu,0,0,0,0,0,0,0,0,0,0,0,0,0,0,0,0,0,0
Jinchang,300,125,6203,62,Gansu,0,1,0,0,0,0,0,0,0,0,1,1,1,1,1,1,1,1
Baiyin,301,16,6204,62,Gansu,0,4,0,0,0,0,0,0,0,0,4,4,4,4,4,4,4,4
Tianshui,302,246,6205,62,Gansu,0,12,0,0,0,0,0,0,0,0,12,12,12,12,12,12,12,12
Jiuquandiqu,303,134,6221,62,Gansu,0,0,0,0,0,0,0,0,0,0,0,0,0,0,0,0,0,0
Zhangyediqu,304,319,6222,62,Gansu,0,2,0,0,0,0,0,0,0,0,2,2,2,2,2,2,2,2
Wuweidiqu,305,267,6223,62,Gansu,0,0,0,0,0,0,0,0,0,0,0,0,0,0,0,0,0,0
Dingxidiqu,306,56,6224,62,Gansu,0,8,1,0,0,0,0,0,0,0,8,9,9,9,9,9,9,9
Longnandiqu,307,162,6226,62,Gansu,0,4,0,0,0,0,0,0,0,0,4,4,4,4,4,4,4,4
Pingliangdiqu,308,191,6227,62,Gansu,0,6,3,0,0,0,0,0,0,0,6,9,9,9,9,9,9,9
Qingyangdiqu,309,204,6228,62,Gansu,0,2,1,0,0,0,0,0,0,0,2,3,3,3,3,3,3,3
Linxiahuizu,310,155,6229,62,Gansu,0,0,0,0,0,0,0,0,3,0,0,0,0,0,0,0,0,3
Gannancangzu,311,68,6230,62,Gansu,0,0,0,0,0,0,0,0,8,0,0,0,0,0,0,0,0,8
Xining,312,269,6301,63,Qinghai,0,15,0,0,0,0,0,0,0,0,15,15,15,15,15,15,15,15
Haidongdiqu,313,82,6321,63,Qinghai,0,0,0,0,0,0,0,0,0,0,0,0,0,0,0,0,0,0
Haibeicangzu,314,81,6322,63,Qinghai,0,3,0,0,0,0,0,0,0,0,3,3,3,3,3,3,3,3
Huangnancangzu,315,110,6323,63,Qinghai,0,0,0,0,0,0,0,0,0,0,0,0,0,0,0,0,0,0
Hainancangzu,316,84,6325,63,Qinghai,0,0,0,0,0,0,0,0,0,0,0,0,0,0,0,0,0,0
Guoluocangzu,317,78,6326,63,Qinghai,0,0,0,0,0,0,0,0,0,0,0,0,0,0,0,0,0,0
Yushucangzu,318,310,6327,63,Qinghai,0,0,0,0,0,0,0,0,0,0,0,0,0,0,0,0,0,0
Haiximengguzucangzu,319,85,6328,63,Qinghai,0,0,0,0,0,0,0,0,0,0,0,0,0,0,0,0,0,0
Yinchuan,320,304,6401,64,Ningxia,0,32,4,0,0,0,0,0,0,0,32,36,36,36,36,36,36,36
Shizuishan,321,229,6402,64,Ningxia,0,1,0,0,0,0,0,0,0,0,1,1,1,1,1,1,1,1
Wuzhong,322,264,6403,64,Ningxia,0,27,1,0,0,0,0,0,0,0,27,28,28,28,28,28,28,28
Guyuandiqu,323,71,6422,64,Ningxia,0,5,0,0,0,0,0,0,0,0,5,5,5,5,5,5,5,5
Wulumuqi,324,261,6501,65,Xinjiang,0,16,7,0,0,0,9,764,49,0,16,23,23,23,23,32,796,845
Kelamayi,325,137,6502,65,Xinjiang,0,0,0,0,0,0,0,0,0,0,0,0,0,0,0,0,0,0
Tulufandiqu,326,253,6521,65,Xinjiang,0,1,2,0,0,0,0,0,0,0,1,3,3,3,3,3,3,3
Hamidiqu,327,80,6522,65,Xinjiang,0,0,0,0,0,0,0,0,0,0,0,0,0,0,0,0,0,0
Changjihuizu,328,32,6523,65,Xinjiang,0,0,0,0,0,0,0,0,5,0,0,0,0,0,0,0,0,5
Boertalamenggu,329,29,6527,65,Xinjiang,0,0,0,0,0,0,0,0,0,0,0,0,0,0,0,0,0,0
Bayinguolengmenggu,330,12,6528,65,Xinjiang,0,3,0,0,0,0,0,0,0,0,3,3,3,3,3,3,3,3
Akesudiqu,331,2,6529,65,Xinjiang,0,1,0,0,0,0,0,0,0,0,1,1,1,1,1,1,1,1
Kezilesukeerkezi,332,138,6530,65,Xinjiang,0,0,0,0,0,0,0,0,0,0,0,0,0,0,0,0,0,0
Kashendiqu,333,135,6531,65,Xinjiang,0,0,0,0,0,0,0,2,0,0,0,0,0,0,0,0,2,2
Hetiandiqu,334,90,6532,65,Xinjiang,0,0,0,0,0,0,0,0,0,0,0,0,0,0,0,0,0,0
Yilihasake,335,299,6540,65,Xinjiang,0,0,0,0,0,0,0,0,0,0,0,0,0,0,0,0,0,0
Tachengdi,336,239,6542,65,Xinjiang,0,0,0,0,0,0,0,0,0,0,0,0,0,0,0,0,0,0
Aletaidi,337,4,6543,65,Xinjiang,0,0,0,0,0,0,0,0,0,0,0,0,0,0,0,0,0,0
Xinjiang (Direct Units),338,328,6590,65,Xinjiang,0,6,3,0,0,0,0,0,0,0,6,9,9,9,9,9,9,9