FID,Field_1,GbProv,ProvCH,ProvEN,N_H_0115,N_H_0116,N_H_0117,N_H_0118,N_H_0119,N_H_0120,N_H_0121,N_H_0122,N_H_0123,N_H_0124,N_H_0125,N_H_0126,N_H_0127,N_H_0128,N_H_0129,N_H_0130,N_H_0131,N_H_0201,N_H_0202,N_H_0203,N_H_0204,N_H_0205,N_H_0206,N_H_0207,N_H_0208,N_H_0209,N_H_0210,N_H_0211,N_H_0212,N_H_0213,N_H_0214,N_H_0215,N_H_0216,N_H_0217,N_H_0218,N_H_0219,N_H_0220,N_H_0221,N_H_0222,N_H_0223,N_H_0224,N_H_0225,N_H_0226,N_H_0227,N_H_0228,N_H_0229,N_H_0301,N_H_0302,N_H_0303,N_H_0304,N_H_0305,N_H_0306,N_H_0307,N_H_0308,N_H_0309,N_H_0310,N_H_0311,N_H_0312,N_H_0313,N_H_0314,N_H_0315,N_H_0316,N_H_0317,N_H_0318,N_H_0319,N_H_0320,N_H_0321,N_H_0322,N_H_0323,N_H_0324,N_H_0325,N_H_0326,N_H_0327,N_H_0328,N_H_0329,N_H_0330,N_H_0331,N_H_0401,N_H_0402,N_H_0403,N_H_0404,N_H_0405,N_H_0406,N_H_0407,N_H_0408,N_H_0409,N_H_0410,N_H_0411,N_H_0412,N_H_0413,N_H_0414,N_H_0415,N_H_0416,N_H_0417,N_H_0418,N_H_0419,N_H_0420,N_H_0421,N_H_0422,N_H_0423,N_H_0424,N_H_0425,N_H_0426,N_H_0427,N_H_0428,N_H_0429,N_H_0430,N_H_0501,N_H_0502,N_H_0503,N_H_0504,N_H_0505,N_H_0506,N_H_0507,N_H_0508,N_H_0509,N_H_0510,N_H_0511,N_H_0512,N_H_0513,N_H_0514,N_H_0515,N_H_0516,N_H_0517,N_H_0518,N_H_0519,N_H_0520,N_H_0521,N_H_0522,N_H_0523,N_H_0524,N_H_0525,N_H_0526,N_H_0527,N_H_0528,N_H_0529,N_H_0530,N_H_0531,N_H_0601,N_H_0602,N_H_0603,N_H_0604,N_H_0605,N_H_0606,N_H_0607,N_H_0608,N_H_0609,N_H_0610,N_H_0611,N_H_0612,N_H_0613,N_H_0614,N_H_0615,N_H_0616,N_H_0617,N_H_0618,N_H_0619,N_H_0620,N_H_0621,N_H_0622,N_H_0623,N_H_0624,N_H_0625,N_H_0626,N_H_0627,N_H_0628,N_H_0629,N_H_0630,N_H_0701,N_H_0702,N_H_0703,N_H_0704,N_H_0705,N_H_0706,N_H_0707,N_H_0708,N_H_0709,N_H_0710,N_H_0711,N_H_0712,N_H_0713,N_H_0714,N_H_0715,N_H_0716,N_H_0717,N_H_0718,N_H_0719,N_H_0720,N_H_0721,N_H_0722,N_H_0723,N_H_0724,N_H_0725,N_H_0726,N_H_0727,N_H_0728,N_H_0729,N_H_0730,N_H_0731,N_H_0801,N_H_0802,N_H_0803,N_H_0804,N_H_0805,N_H_0806,N_H_0807,N_H_0808,N_H_0809,N_H_0810,N_H_0811,N_H_0812,N_H_0813,N_H_0814,N_H_0815,N_H_0816,N_H_0817,N_H_0818,N_H_0819,N_H_0820,N_H_0821,N_H_0822,N_H_0823,N_H_0824,N_H_0825,N_H_0826,N_H_0827,N_H_0828,N_H_0829,N_H_0830,N_H_0831,N_H_0901,N_H_0902,N_H_0903,N_H_0904,N_H_0905,N_H_0906,N_H_0907,N_H_0908,N_H_0909,N_H_0910,N_H_0911,N_H_0912,N_H_0913,N_H_0914,N_H_0915,N_H_0916,N_H_0917,N_H_0918,N_H_0919,N_H_0920,N_H_0921,N_H_0922,N_H_0923,N_H_0924,N_H_0925,N_H_0926,N_H_0927,N_H_0928,N_H_0929,N_H_0930,N_H_1001,N_H_1002,N_H_1003,N_H_1004,N_H_1005,N_H_1006,N_H_1007,N_H_1008,N_H_1009,N_H_1010,T_H_0115,T_H_0116,T_H_0117,T_H_0118,T_H_0119,T_H_0120,T_H_0121,T_H_0122,T_H_0123,T_H_0124,T_H_0125,T_H_0126,T_H_0127,T_H_0128,T_H_0129,T_H_0130,T_H_0131,T_H_0201,T_H_0202,T_H_0203,T_H_0204,T_H_0205,T_H_0206,T_H_0207,T_H_0208,T_H_0209,T_H_0210,T_H_0211,T_H_0212,T_H_0213,T_H_0214,T_H_0215,T_H_0216,T_H_0217,T_H_0218,T_H_0219,T_H_0220,T_H_0221,T_H_0222,T_H_0223,T_H_0224,T_H_0225,T_H_0226,T_H_0227,T_H_0228,T_H_0229,T_H_0301,T_H_0302,T_H_0303,T_H_0304,T_H_0305,T_H_0306,T_H_0307,T_H_0308,T_H_0309,T_H_0310,T_H_0311,T_H_0312,T_H_0313,T_H_0314,T_H_0315,T_H_0316,T_H_0317,T_H_0318,T_H_0319,T_H_0320,T_H_0321,T_H_0322,T_H_0323,T_H_0324,T_H_0325,T_H_0326,T_H_0327,T_H_0328,T_H_0329,T_H_0330,T_H_0331,T_H_0401,T_H_0402,T_H_0403,T_H_0404,T_H_0405,T_H_0406,T_H_0407,T_H_0408,T_H_0409,T_H_0410,T_H_0411,T_H_0412,T_H_0413,T_H_0414,T_H_0415,T_H_0416,T_H_0417,T_H_0418,T_H_0419,T_H_0420,T_H_0421,T_H_0422,T_H_0423,T_H_0424,T_H_0425,T_H_0426,T_H_0427,T_H_0428,T_H_0429,T_H_0430,T_H_0501,T_H_0502,T_H_0503,T_H_0504,T_H_0505,T_H_0506,T_H_0507,T_H_0508,T_H_0509,T_H_0510,T_H_0511,T_H_0512,T_H_0513,T_H_0514,T_H_0515,T_H_0516,T_H_0517,T_H_0518,T_H_0519,T_H_0520,T_H_0521,T_H_0522,T_H_0523,T_H_0524,T_H_0525,T_H_0526,T_H_0527,T_H_0528,T_H_0529,T_H_0530,T_H_0531,T_H_0601,T_H_0602,T_H_0603,T_H_0604,T_H_0605,T_H_0606,T_H_0607,T_H_0608,T_H_0609,T_H_0610,T_H_0611,T_H_0612,T_H_0613,T_H_0614,T_H_0615,T_H_0616,T_H_0617,T_H_0618,T_H_0619,T_H_0620,T_H_0621,T_H_0622,T_H_0623,T_H_0624,T_H_0625,T_H_0626,T_H_0627,T_H_0628,T_H_0629,T_H_0630,T_H_0701,T_H_0702,T_H_0703,T_H_0704,T_H_0705,T_H_0706,T_H_0707,T_H_0708,T_H_0709,T_H_0710,T_H_0711,T_H_0712,T_H_0713,T_H_0714,T_H_0715,T_H_0716,T_H_0717,T_H_0718,T_H_0719,T_H_0720,T_H_0721,T_H_0722,T_H_0723,T_H_0724,T_H_0725,T_H_0726,T_H_0727,T_H_0728,T_H_0729,T_H_0730,T_H_0731,T_H_0801,T_H_0802,T_H_0803,T_H_0804,T_H_0805,T_H_0806,T_H_0807,T_H_0808,T_H_0809,T_H_0810,T_H_0811,T_H_0812,T_H_0813,T_H_0814,T_H_0815,T_H_0816,T_H_0817,T_H_0818,T_H_0819,T_H_0820,T_H_0821,T_H_0822,T_H_0823,T_H_0824,T_H_0825,T_H_0826,T_H_0827,T_H_0828,T_H_0829,T_H_0830,T_H_0831,T_H_0901,T_H_0902,T_H_0903,T_H_0904,T_H_0905,T_H_0906,T_H_0907,T_H_0908,T_H_0909,T_H_0910,T_H_0911,T_H_0912,T_H_0913,T_H_0914,T_H_0915,T_H_0916,T_H_0917,T_H_0918,T_H_0919,T_H_0920,T_H_0921,T_H_0922,T_H_0923,T_H_0924,T_H_0925,T_H_0926,T_H_0927,T_H_0928,T_H_0929,T_H_0930,T_H_1001,T_H_1002,T_H_1003,T_H_1004,T_H_1005,T_H_1006,T_H_1007,T_H_1008,T_H_1009,T_H_1010
0,2,11,北京市,Beijing,0,0,0,0,0,0,0,0,0,0,0,0,2,2,0,1,0,4,3,11,1,7,2,1,3,7,4,8,12,11,18,8,9,8,23,8,16,9,11,9,17,20,13,9,14,5,0,6,6,9,1,5,0,12,5,6,8,10,-2,11,0,15,5,6,5,8,6,2,1,0,2,3,3,2,1,4,2,0,16,4,3,2,5,7,9,5,5,5,5,7,4,8,6,0,1,4,2,2,4,2,1,0,0,0,13,0,4,5,0,4,2,1,1,2,3,3,2,3,3,2,1,0,2,2,0,0,0,1,0,0,2,0,0,0,0,0,0,0,0,0,1,1,0,0,0,0,1,0,0,0,0,0,0,0,0,0,0,0,0,0,0,0,0,1,0,0,1,1,0,3,2,2,1,1,4,13,32,12,12,11,14,22,14,22,10,13,29,12,17,0,22,0,12,11,3,14,1,5,10,4,2,0,1,1,0,1,0,0,0,0,0,0,2,1,0,0,1,0,0,0,0,0,0,0,2,0,0,0,0,0,0,0,0,0,0,0,0,-926,926,0,0,0,0,0,0,0,0,0,0,0,0,0,0,0,0,0,0,0,0,0,0,0,0,0,0,0,0,1,0,0,0,0,0,0,0,0,0,0,0,0,0,0,2,4,4,5,5,9,12,23,24,31,33,34,37,44,48,56,68,79,97,105,114,122,145,153,169,178,189,198,215,235,248,257,271,276,276,282,288,297,298,303,303,315,320,326,334,344,342,353,353,368,373,379,384,392,398,400,401,401,403,406,409,411,412,416,418,418,434,438,441,443,448,455,464,469,474,479,484,491,495,503,509,509,510,514,516,518,522,524,525,525,525,525,538,538,542,547,547,551,553,554,555,557,560,563,565,568,571,573,574,574,576,578,578,578,578,579,579,579,581,581,581,581,581,581,581,581,581,581,582,583,583,583,583,583,584,584,584,584,584,584,584,584,584,584,584,584,584,584,584,584,584,585,585,585,586,587,587,590,592,594,595,596,600,613,645,657,669,680,694,716,730,752,762,775,804,816,833,833,855,855,867,878,881,895,896,901,911,915,917,917,918,919,919,920,920,920,920,920,920,920,922,923,923,923,924,924,924,924,924,924,924,924,926,926,926,926,926,926,926,926,926,926,926,926,926,0,926,926,926,926,926,926,926,926,926,926,926,926,926,926,926,926,926,926,926,926,926,926,926,926,926,926,926,926,926,927,927,927
1,26,12,天津市,Tianjin,0,0,0,0,0,0,0,0,0,0,0,0,0,0,0,0,0,0,1,0,1,0,0,0,2,0,4,2,1,10,11,5,8,1,2,6,5,3,3,16,6,4,5,6,3,4,2,7,6,4,0,0,0,1,1,1,1,0,0,0,1,0,0,0,0,0,0,0,0,0,0,0,0,0,0,0,2,0,5,0,4,0,7,1,0,2,4,3,0,3,4,3,1,1,0,1,0,2,2,0,1,3,0,0,1,0,1,1,1,0,0,0,0,0,0,0,0,0,0,0,1,0,0,0,0,0,0,0,0,0,0,1,0,0,0,0,0,0,0,0,0,0,1,0,0,0,0,0,0,0,0,0,0,0,2,0,0,0,0,0,1,0,0,1,0,0,1,0,0,0,0,0,0,0,0,1,0,0,0,0,0,0,0,0,0,0,0,0,0,0,0,0,0,0,0,0,0,0,0,1,0,0,0,1,0,0,2,1,1,1,0,0,0,0,0,0,0,0,0,0,1,0,0,0,0,2,0,8,0,0,0,1,0,0,0,0,1,-215,216,4,0,1,4,0,0,0,0,1,0,1,1,1,0,1,0,3,0,0,0,0,0,1,0,0,0,1,0,0,1,0,0,0,0,0,0,0,0,0,0,0,0,0,0,0,0,0,0,0,1,1,2,2,2,2,4,4,8,10,11,21,32,37,45,46,48,54,59,62,65,81,87,91,96,102,105,109,111,118,124,128,128,128,128,129,130,131,132,132,132,132,133,133,133,133,133,133,133,133,133,133,133,133,133,133,133,133,135,135,140,140,144,144,151,152,152,154,158,161,161,164,168,171,172,173,173,174,174,176,178,178,179,182,182,182,183,183,184,185,186,186,186,186,186,186,186,186,186,186,186,186,187,187,187,187,187,187,187,187,187,187,187,188,188,188,188,188,188,188,188,188,188,188,189,189,189,189,189,189,189,189,189,189,189,189,191,191,191,191,191,191,192,192,192,193,193,193,194,194,194,194,194,194,194,194,194,195,195,195,195,195,195,195,195,195,195,195,195,195,195,195,195,195,195,195,195,195,195,195,195,196,196,196,196,197,197,197,199,200,201,202,202,202,202,202,202,202,202,202,202,202,203,203,203,203,203,205,205,213,213,213,213,214,214,214,214,214,215,0,216,220,220,221,225,225,225,225,225,226,226,227,228,229,229,230,230,233,233,233,233,233,233,234,234,234,234,235,235,235,236,236
2,9,13,河北省,Hebei,0,0,0,0,0,0,0,0,0,0,0,0,0,0,0,0,0,3,0,0,1,3,9,9,5,5,6,7,6,15,17,14,9,14,13,16,18,14,20,17,20,7,13,13,3,6,11,3,3,1,3,1,2,0,0,0,0,3,0,0,0,0,0,0,0,0,0,0,0,0,0,0,0,0,0,0,0,0,0,0,0,0,0,2,1,0,0,0,0,1,0,1,1,0,0,1,0,0,0,0,1,0,0,0,0,0,0,0,0,0,0,2,0,0,0,0,1,0,0,0,0,0,0,0,1,0,0,0,0,0,0,0,0,0,0,0,0,0,0,0,0,0,0,0,0,0,0,0,0,0,0,0,0,0,0,0,0,0,0,0,1,0,0,1,2,5,2,1,0,0,0,2,1,0,0,0,2,0,0,0,0,1,0,0,0,0,1,0,0,1,0,0,0,0,1,0,0,0,0,0,0,0,0,0,0,0,0,0,0,0,0,0,0,0,0,0,0,0,0,0,0,0,0,0,0,0,0,0,0,0,3,0,1,0,7,0,0,-354,355,0,0,0,1,0,0,0,0,0,0,0,0,1,0,0,0,0,0,1,0,0,0,0,0,0,0,0,0,0,0,0,0,0,0,0,0,0,0,0,0,0,0,0,0,0,0,0,0,3,3,3,4,7,16,25,30,35,41,48,54,69,86,100,109,123,136,152,170,184,204,221,241,248,261,274,277,283,294,297,300,301,304,305,307,307,307,307,307,310,310,310,310,310,310,310,310,310,310,310,310,310,310,310,310,310,310,310,310,310,310,310,310,310,310,312,313,313,313,313,313,314,314,315,316,316,316,317,317,317,317,317,318,318,318,318,318,318,318,318,318,318,318,320,320,320,320,320,321,321,321,321,321,321,321,321,322,322,322,322,322,322,322,322,322,322,322,322,322,322,322,322,322,322,322,322,322,322,322,322,322,322,322,322,322,322,322,322,322,322,322,322,323,323,323,324,326,331,333,334,334,334,334,336,337,337,337,337,339,339,339,339,339,340,340,340,340,340,341,341,341,342,342,342,342,342,343,343,343,343,343,343,343,343,343,343,343,343,343,343,343,343,343,343,343,343,343,343,343,343,343,343,343,343,343,343,343,343,343,343,343,343,346,346,347,347,354,354,354,0,355,355,355,355,356,356,356,356,356,356,356,356,356,357,357,357,357,357,357,358,358,358,358,358,358,358,358,358,358,358,358,358
3,22,14,山西省,Shanxi,0,0,0,0,0,0,0,0,0,0,0,0,0,0,1,0,0,0,1,0,2,2,6,3,6,4,1,4,3,3,2,8,4,3,8,7,8,2,3,7,6,4,6,3,5,2,2,3,5,0,2,0,0,0,1,4,0,1,1,0,0,0,0,0,0,0,0,0,0,0,0,0,0,0,0,0,0,0,0,0,0,0,0,1,0,0,1,0,0,0,0,0,0,0,0,0,5,0,2,0,7,5,3,3,0,0,4,8,4,0,4,10,3,1,1,2,0,0,1,0,0,0,0,0,0,0,0,0,0,0,0,0,0,0,0,0,0,0,0,0,0,0,0,0,0,0,0,0,0,0,0,0,0,0,0,0,0,0,0,0,0,0,0,0,0,0,0,0,0,0,0,0,0,0,0,0,0,0,0,0,0,0,0,0,2,0,0,0,0,0,0,1,0,0,0,0,0,0,0,0,0,0,0,0,0,0,0,0,0,0,0,0,0,0,0,0,0,0,0,0,0,0,0,0,0,0,0,0,0,0,0,0,0,0,0,0,0,-201,201,0,1,0,0,0,0,0,0,0,1,0,0,0,0,0,0,0,0,0,0,0,0,0,0,0,0,0,0,0,0,0,0,0,0,0,0,0,0,0,0,0,0,0,0,0,1,1,1,1,2,2,4,6,12,15,21,25,26,30,33,36,38,46,50,53,61,68,76,78,81,88,94,98,104,107,112,114,116,119,124,124,126,126,126,126,127,131,131,132,133,133,133,133,133,133,133,133,133,133,133,133,133,133,133,133,133,133,133,133,133,133,133,133,133,134,134,134,135,135,135,135,135,135,135,135,135,135,140,140,142,142,149,154,157,160,160,160,164,172,176,176,180,190,193,194,195,197,197,197,198,198,198,198,198,198,198,198,198,198,198,198,198,198,198,198,198,198,198,198,198,198,198,198,198,198,198,198,198,198,198,198,198,198,198,198,198,198,198,198,198,198,198,198,198,198,198,198,198,198,198,198,198,198,198,198,198,198,198,198,198,198,198,198,198,198,200,200,200,200,200,200,200,201,201,201,201,201,201,201,201,201,201,201,201,201,201,201,201,201,201,201,201,201,201,201,201,201,201,201,201,201,201,201,201,201,201,201,201,201,201,201,201,201,201,201,201,201,201,0,201,201,202,202,202,202,202,202,202,202,203,203,203,203,203,203,203,203,203,203,203,203,203,203,203,203,203,203,203,203,203,203
4,18,15,内蒙古,Neimenggu,0,0,0,0,0,0,0,0,0,0,0,0,0,0,0,0,1,0,0,0,0,3,-4,5,0,0,0,0,1,0,0,1,1,0,1,2,5,6,4,4,4,1,3,5,3,5,0,3,5,4,2,0,3,2,0,0,1,0,0,0,0,2,0,1,0,0,0,0,0,0,0,0,0,0,0,0,0,0,0,0,0,0,0,0,0,5,0,4,0,8,3,0,0,9,1,0,4,0,0,0,0,13,8,16,0,1,4,2,2,0,2,4,7,4,1,3,9,3,1,2,0,4,2,0,0,0,0,3,0,0,0,2,3,1,0,0,1,0,1,2,0,3,1,0,0,5,8,4,0,1,0,0,0,3,0,0,0,0,1,0,1,0,0,0,0,1,0,0,0,0,0,0,0,0,0,0,0,0,0,0,0,0,0,0,0,0,0,0,0,3,1,0,0,3,0,0,0,0,0,0,0,0,0,3,0,0,0,0,6,0,1,0,1,1,0,0,0,0,0,0,1,0,0,0,0,0,0,0,0,0,0,1,1,0,0,0,0,-259,259,0,0,0,0,0,0,0,0,0,0,0,0,0,0,0,0,0,0,0,0,0,1,0,0,1,0,0,0,0,0,0,0,0,0,0,0,0,0,0,0,0,0,0,0,0,0,0,1,1,1,1,1,4,0,5,5,5,5,5,6,6,6,7,8,8,9,11,16,22,26,30,34,35,38,43,46,51,51,54,59,63,65,65,68,70,70,70,71,71,71,71,71,73,73,74,74,74,74,74,74,74,74,74,74,74,74,74,74,74,74,74,74,74,74,74,74,79,79,83,83,91,94,94,94,103,104,104,108,108,108,108,108,121,129,145,145,146,150,152,154,154,156,160,167,171,172,175,184,187,188,190,190,194,196,196,196,196,196,199,199,199,199,201,204,205,205,205,206,206,207,209,209,212,213,213,213,218,226,230,230,231,231,231,231,234,234,234,234,234,235,235,236,236,236,236,236,237,237,237,237,237,237,237,237,237,237,237,237,237,237,237,237,237,237,237,237,237,237,237,237,240,241,241,241,244,244,244,244,244,244,244,244,244,244,247,247,247,247,247,253,253,254,254,255,256,256,256,256,256,256,256,257,257,257,257,257,257,257,257,257,257,257,258,259,259,259,259,259,0,259,259,259,259,259,259,259,259,259,259,259,259,259,259,259,259,259,259,259,259,259,259,260,260,260,261,261,261,261,261,261,261
5,17,21,辽宁省,Liaoning,0,0,0,0,0,0,0,0,0,0,0,0,0,0,1,0,0,0,0,0,1,2,2,1,5,0,5,2,3,0,7,3,9,2,12,3,3,5,2,5,10,5,4,1,2,6,2,0,3,0,0,0,2,1,1,1,0,1,1,0,1,5,3,0,0,0,0,2,0,0,0,0,0,0,0,0,0,0,0,1,0,3,2,1,0,1,1,3,0,2,0,0,2,2,0,1,0,0,0,0,0,0,0,0,0,0,0,0,1,0,0,0,0,0,0,0,0,0,0,0,0,0,0,0,0,0,0,0,0,0,0,1,2,0,0,0,0,0,0,0,0,0,0,0,0,0,0,0,0,0,0,0,0,0,0,0,0,0,0,0,0,0,0,0,0,0,0,0,1,0,0,1,1,0,0,0,0,0,0,0,0,0,0,0,1,1,1,1,2,1,1,0,1,0,1,0,0,0,0,0,0,0,0,1,4,0,8,8,5,5,11,5,13,0,7,2,3,10,3,0,1,4,3,0,1,2,2,0,1,0,0,0,0,0,0,0,0,-259,260,0,0,1,0,0,1,0,0,0,0,0,0,0,0,1,0,0,0,0,0,0,0,1,2,0,0,0,0,2,1,0,0,0,0,0,0,0,0,0,0,0,0,0,0,0,1,1,1,1,1,1,2,4,6,7,12,12,17,19,22,22,29,32,41,43,55,58,61,66,68,73,83,88,92,93,95,101,103,103,106,106,106,106,108,109,110,111,111,112,113,113,114,119,122,122,122,122,122,124,124,124,124,124,124,124,124,124,124,124,124,125,125,128,130,131,131,132,133,136,136,138,138,138,140,142,142,143,143,143,143,143,143,143,143,143,143,143,143,143,144,144,144,144,144,144,144,144,144,144,144,144,144,144,144,144,144,144,144,144,144,144,144,145,147,147,147,147,147,147,147,147,147,147,147,147,147,147,147,147,147,147,147,147,147,147,147,147,147,147,147,147,147,147,147,147,147,147,147,147,148,148,148,149,150,150,150,150,150,150,150,150,150,150,150,150,151,152,153,154,156,157,158,158,159,159,160,160,160,160,160,160,160,160,160,161,165,165,173,181,186,191,202,207,220,220,227,229,232,242,245,245,246,250,253,253,254,256,258,258,259,259,259,259,259,259,259,259,259,0,260,260,260,261,261,261,262,262,262,262,262,262,262,262,262,263,263,263,263,263,263,263,263,264,266,266,266,266,266,268,269,269
6,14,22,吉林省,Jilin,0,0,0,0,0,0,0,0,0,0,0,0,0,0,0,1,0,0,0,0,0,1,2,0,1,7,1,5,4,3,0,3,2,4,2,4,4,2,6,2,6,3,2,3,5,2,3,5,1,2,2,2,0,0,1,0,0,0,0,0,1,0,0,0,0,0,0,0,0,0,0,0,0,0,0,0,0,0,0,0,0,0,0,0,1,2,1,0,0,0,0,0,1,0,0,0,0,1,0,1,0,0,0,0,0,0,0,3,0,1,0,0,0,0,2,0,0,0,0,3,0,0,5,9,0,3,0,2,0,1,0,0,0,0,8,6,0,2,3,0,1,1,1,1,2,0,0,0,0,0,0,0,0,0,0,0,0,0,0,0,0,0,0,0,0,0,0,0,0,0,0,0,0,0,0,0,0,0,0,0,0,0,0,0,0,0,0,0,0,0,0,0,0,0,0,0,0,0,0,0,0,0,0,1,0,0,0,0,0,0,0,0,0,0,1,0,0,0,0,0,0,0,0,0,0,0,0,0,0,0,0,0,0,0,0,0,0,-155,155,0,0,0,0,0,0,0,0,0,0,0,0,0,0,0,0,0,0,0,0,0,0,0,0,0,0,0,0,0,0,0,0,0,0,0,0,0,0,0,0,0,0,0,0,0,0,1,1,1,1,1,1,2,4,4,5,12,13,18,22,25,25,28,30,34,36,40,44,46,52,54,60,63,65,68,73,75,78,83,84,86,88,90,90,90,91,91,91,91,91,91,92,92,92,92,92,92,92,92,92,92,92,92,92,92,92,92,92,92,92,92,92,92,92,92,93,95,96,96,96,96,96,96,97,97,97,97,97,98,98,99,99,99,99,99,99,99,99,102,102,103,103,103,103,103,105,105,105,105,105,108,108,108,113,122,122,125,125,127,127,128,128,128,128,128,136,142,142,144,147,147,148,149,150,151,153,153,153,153,153,153,153,153,153,153,153,153,153,153,153,153,153,153,153,153,153,153,153,153,153,153,153,153,153,153,153,153,153,153,153,153,153,153,153,153,153,153,153,153,153,153,153,153,153,153,153,153,153,153,153,153,153,153,153,154,154,154,154,154,154,154,154,154,154,154,155,155,155,155,155,155,155,155,155,155,155,155,155,155,155,155,155,155,155,155,155,155,155,0,155,155,155,155,155,155,155,155,155,155,155,155,155,155,155,155,155,155,155,155,155,155,155,155,155,155,155,155,155,155,155,155
7,11,23,黑龙江省,Heilongjiang,0,0,0,0,0,0,0,0,0,0,0,0,0,0,0,0,0,0,2,0,2,3,1,4,1,2,12,1,3,6,11,22,10,5,23,15,18,42,32,9,8,13,17,18,15,35,20,8,14,7,1,22,7,12,13,1,5,6,1,6,1,2,3,1,3,0,2,0,3,0,1,0,0,0,0,0,0,0,0,0,0,0,0,1,0,0,0,0,0,0,0,1,0,1,0,1,2,2,8,0,23,3,45,0,30,1,0,18,-1,16,37,96,30,24,20,8,56,13,24,1,1,0,1,1,0,0,0,0,0,0,0,0,0,0,0,0,0,0,0,0,2,0,0,0,0,0,0,0,0,0,0,0,0,0,0,0,0,0,0,0,0,0,0,0,0,0,0,0,0,0,0,0,0,0,0,0,0,0,0,0,0,0,0,0,0,0,0,0,0,0,0,0,0,0,0,0,0,0,0,0,0,0,0,0,0,0,0,0,0,0,0,0,0,0,0,0,0,0,0,0,0,0,0,0,0,0,0,0,0,1,0,0,0,0,0,0,0,-935,935,0,0,0,0,0,0,0,0,0,0,0,0,0,0,0,0,0,0,0,0,0,0,0,0,0,0,0,0,0,0,0,0,0,0,0,0,0,0,0,0,0,0,0,0,0,0,0,0,0,2,2,4,7,8,12,13,15,27,28,31,37,48,70,80,85,108,123,141,183,215,224,232,245,262,280,295,330,350,358,372,379,380,402,409,421,434,435,440,446,447,453,454,456,459,460,463,463,465,465,468,468,469,469,469,469,469,469,469,469,469,469,469,469,469,470,470,470,470,470,470,470,470,471,471,472,472,473,475,477,485,485,508,511,556,556,586,587,587,605,604,620,657,753,783,807,827,835,891,904,928,929,930,930,931,932,932,932,932,932,932,932,932,932,932,932,932,932,932,932,932,932,934,934,934,934,934,934,934,934,934,934,934,934,934,934,934,934,934,934,934,934,934,934,934,934,934,934,934,934,934,934,934,934,934,934,934,934,934,934,934,934,934,934,934,934,934,934,934,934,934,934,934,934,934,934,934,934,934,934,934,934,934,934,934,934,934,934,934,934,934,934,934,934,934,934,934,934,934,934,934,934,934,934,934,934,934,934,934,934,934,935,935,935,935,935,935,935,935,0,935,935,935,935,935,935,935,935,935,935,935,935,935,935,935,935,935,935,935,935,935,935,935,935,935,935,935,935,935,935,935,935
8,24,31,上海市,Shanghai,0,0,0,0,0,0,0,0,0,1,0,0,2,1,1,0,4,1,0,0,2,3,10,5,11,3,4,5,4,5,28,34,16,21,16,9,13,12,16,22,12,7,4,4,3,8,3,2,2,4,5,3,7,1,1,4,1,1,3,0,0,1,0,1,0,0,1,1,1,1,0,1,3,0,0,4,3,2,0,5,8,27,6,17,11,5,13,3,8,12,10,17,4,23,4,5,9,0,2,1,14,11,10,13,3,13,2,13,0,3,4,1,0,3,0,3,0,1,4,2,5,2,1,0,0,1,3,1,1,0,1,4,1,2,0,2,0,0,3,1,0,1,1,1,0,0,1,0,1,0,0,1,0,0,1,0,0,0,0,1,0,1,2,2,1,0,0,0,2,1,3,0,0,4,3,1,0,0,0,0,1,0,1,3,5,2,5,2,1,2,1,0,4,1,1,1,0,1,2,3,0,2,0,0,1,0,2,1,0,6,0,2,1,5,4,3,2,15,8,6,3,10,3,6,2,12,7,3,6,5,2,7,5,6,6,3,3,-872,877,6,4,3,7,3,4,5,0,1,6,3,4,0,3,2,4,2,2,3,3,5,3,3,2,2,1,2,6,5,5,4,0,0,0,0,0,0,0,0,0,1,1,1,3,4,5,5,9,10,10,10,12,15,25,30,41,44,48,53,57,62,90,124,140,161,177,186,199,211,227,249,261,268,272,276,279,287,290,292,294,298,303,306,313,314,315,319,320,321,324,324,324,325,325,326,326,326,327,328,329,330,330,331,334,334,334,338,341,343,343,348,356,383,389,406,417,422,435,438,446,458,468,485,489,512,516,521,530,530,532,533,547,558,568,581,584,597,599,612,612,615,619,620,620,623,623,626,626,627,631,633,638,640,641,641,641,642,645,646,647,647,648,652,653,655,655,657,657,657,660,661,661,662,663,664,664,664,665,665,666,666,666,667,667,667,668,668,668,668,668,669,669,670,672,674,675,675,675,675,677,678,681,681,681,685,688,689,689,689,689,689,690,690,691,694,699,701,706,708,709,711,712,712,716,717,718,719,719,720,722,725,725,727,727,727,728,728,730,731,731,737,737,739,740,745,749,752,754,769,777,783,786,796,799,805,807,819,826,829,835,840,842,849,854,860,866,869,872,0,877,883,887,890,897,900,904,909,909,910,916,919,923,923,926,928,932,934,936,939,942,947,950,953,955,957,958,960,966,971,976,980
9,15,32,江苏省,Jiangsu,0,0,0,0,0,0,0,0,0,1,0,0,0,0,0,1,3,1,1,1,5,13,12,5,8,21,12,10,37,6,23,30,36,37,33,29,27,35,24,16,31,5,31,12,13,10,7,19,10,15,8,13,9,8,3,6,1,2,0,1,0,0,0,0,0,0,0,0,0,0,0,0,0,0,0,0,0,0,0,1,1,0,0,0,0,0,1,4,0,3,1,0,1,0,0,0,1,1,0,1,0,0,0,0,0,1,1,2,0,0,0,0,0,1,1,0,0,1,0,0,0,0,0,0,0,0,0,0,0,0,0,0,0,0,0,0,0,0,0,0,0,0,0,0,0,0,0,0,0,0,0,0,0,0,0,0,0,0,0,0,0,0,0,0,0,0,0,0,0,0,0,0,0,0,0,1,0,0,0,0,0,0,0,0,0,0,0,0,0,0,0,0,0,0,0,0,0,0,0,0,0,0,0,0,0,0,0,0,0,1,1,-1,0,0,0,0,0,0,1,0,0,0,0,0,0,1,0,0,0,0,1,1,0,0,2,0,0,-661,661,2,0,0,0,0,0,0,0,0,1,0,0,0,0,0,0,0,0,0,0,0,0,0,0,0,0,0,0,0,0,0,0,0,0,0,0,0,0,0,0,1,1,1,1,1,1,2,5,6,7,8,13,26,38,43,51,72,84,94,131,137,160,190,226,263,296,325,352,387,411,427,458,463,494,506,519,529,536,555,565,580,588,601,610,618,621,627,628,630,630,631,631,631,631,631,631,631,631,631,631,631,631,631,631,631,631,631,631,631,631,632,633,633,633,633,633,633,634,638,638,641,642,642,643,643,643,643,644,645,645,646,646,646,646,646,646,647,648,650,650,650,650,650,650,651,652,652,652,653,653,653,653,653,653,653,653,653,653,653,653,653,653,653,653,653,653,653,653,653,653,653,653,653,653,653,653,653,653,653,653,653,653,653,653,653,653,653,653,653,653,653,653,653,653,653,653,653,653,653,653,653,653,653,653,653,653,654,654,654,654,654,654,654,654,654,654,654,654,654,654,654,654,654,654,654,654,654,654,654,654,654,654,654,654,654,654,654,654,654,654,655,656,655,655,655,655,655,655,655,656,656,656,656,656,656,656,657,657,657,657,657,658,659,659,659,661,661,661,0,661,663,663,663,663,663,663,663,663,663,664,664,664,664,664,664,664,664,664,664,664,664,664,664,664,664,664,664,664,664,664,664
10,30,33,浙江省,Zhejiang,0,0,0,0,0,0,0,0,1,0,0,0,0,2,1,5,6,8,13,12,15,18,17,29,46,27,50,29,48,40,42,28,33,44,30,65,38,47,35,36,29,20,67,62,44,40,19,22,30,28,10,23,7,7,16,13,7,0,0,2,0,5,0,1,0,2,0,0,2,0,0,1,0,3,0,0,1,0,2,0,1,1,0,0,2,3,0,1,2,1,3,2,0,2,0,1,2,2,1,2,2,0,1,1,3,1,1,1,1,0,0,2,0,0,0,0,0,0,0,0,0,0,0,0,0,0,0,0,0,0,0,0,0,0,0,0,0,0,0,0,0,0,0,0,0,0,0,0,0,0,0,0,0,0,0,0,0,0,0,0,0,0,0,0,0,0,0,0,0,0,0,0,0,0,0,0,0,0,0,0,0,0,0,0,0,0,0,0,0,0,0,1,0,0,0,0,0,0,0,0,0,0,0,0,0,0,0,0,0,0,0,0,0,0,0,0,0,0,0,0,0,0,0,0,0,0,0,0,0,0,0,0,0,0,0,0,0,-1268,1268,0,0,0,0,4,0,0,0,0,0,0,0,0,0,0,0,0,0,0,0,0,0,0,0,0,0,0,0,0,0,0,0,0,0,0,0,0,0,0,1,1,1,1,1,3,4,9,15,23,36,48,63,81,98,127,173,200,250,279,327,367,409,437,470,514,544,609,647,694,729,765,794,814,881,943,987,1027,1046,1068,1098,1126,1136,1159,1166,1173,1189,1202,1209,1209,1209,1211,1211,1216,1216,1217,1217,1219,1219,1219,1221,1221,1221,1222,1222,1225,1225,1225,1226,1226,1228,1228,1229,1230,1230,1230,1232,1235,1235,1236,1238,1239,1242,1244,1244,1246,1246,1247,1249,1251,1252,1254,1256,1256,1257,1258,1261,1262,1263,1264,1265,1265,1265,1267,1267,1267,1267,1267,1267,1267,1267,1267,1267,1267,1267,1267,1267,1267,1267,1267,1267,1267,1267,1267,1267,1267,1267,1267,1267,1267,1267,1267,1267,1267,1267,1267,1267,1267,1267,1267,1267,1267,1267,1267,1267,1267,1267,1267,1267,1267,1267,1267,1267,1267,1267,1267,1267,1267,1267,1267,1267,1267,1267,1267,1267,1267,1267,1267,1267,1267,1267,1267,1267,1267,1267,1267,1267,1267,1267,1267,1267,1267,1267,1268,1268,1268,1268,1268,1268,1268,1268,1268,1268,1268,1268,1268,1268,1268,1268,1268,1268,1268,1268,1268,1268,1268,1268,1268,1268,1268,1268,1268,1268,1268,1268,1268,1268,1268,1268,1268,1268,1268,1268,1268,1268,1268,1268,1268,1268,0,1268,1268,1268,1268,1268,1272,1272,1272,1272,1272,1272,1272,1272,1272,1272,1272,1272,1272,1272,1272,1272,1272,1272,1272,1272,1272,1272,1272,1272,1272,1272,1272
11,1,34,安徽省,Anhui,0,0,0,0,0,0,0,0,0,0,0,0,0,0,2,1,0,2,2,7,6,3,11,13,12,14,15,20,20,38,32,34,34,27,68,63,76,66,54,28,44,35,37,50,28,26,20,29,24,15,14,5,6,3,0,0,0,0,0,0,0,0,0,0,0,0,0,0,0,0,0,0,0,0,0,0,0,0,0,0,0,0,0,0,0,0,0,0,0,0,0,0,0,0,0,0,0,0,0,0,1,0,0,0,0,0,0,0,0,0,0,0,0,0,0,0,0,0,0,0,0,0,0,0,0,0,0,0,0,0,0,0,0,0,0,0,0,0,0,0,0,0,0,0,0,0,0,0,0,0,0,0,0,0,0,0,0,0,0,0,0,0,0,0,0,0,0,0,0,0,0,0,0,0,0,0,0,0,0,0,0,0,0,0,0,0,0,0,0,0,0,0,0,0,0,0,0,0,0,0,0,0,0,0,0,0,0,0,0,0,0,0,0,0,0,0,0,0,0,0,0,0,0,0,0,0,0,0,0,0,0,0,0,0,0,0,0,-985,985,0,0,0,0,0,0,0,0,0,0,0,0,0,0,0,0,0,0,0,0,0,0,0,0,0,0,0,0,0,0,0,0,0,0,0,0,0,0,0,0,0,0,0,0,0,2,3,3,5,7,14,20,23,34,47,59,73,88,108,128,166,198,232,266,293,361,424,500,566,620,648,692,727,764,814,842,868,888,917,941,956,970,975,981,984,984,984,984,984,984,984,984,984,984,984,984,984,984,984,984,984,984,984,984,984,984,984,984,984,984,984,984,984,984,984,984,984,984,984,984,984,984,984,984,984,984,984,984,984,984,984,985,985,985,985,985,985,985,985,985,985,985,985,985,985,985,985,985,985,985,985,985,985,985,985,985,985,985,985,985,985,985,985,985,985,985,985,985,985,985,985,985,985,985,985,985,985,985,985,985,985,985,985,985,985,985,985,985,985,985,985,985,985,985,985,985,985,985,985,985,985,985,985,985,985,985,985,985,985,985,985,985,985,985,985,985,985,985,985,985,985,985,985,985,985,985,985,985,985,985,985,985,985,985,985,985,985,985,985,985,985,985,985,985,985,985,985,985,985,985,985,985,985,985,985,985,985,985,985,985,985,985,985,985,985,985,985,985,0,985,985,985,985,985,985,985,985,985,985,985,985,985,985,985,985,985,985,985,985,985,985,985,985,985,985,985,985,985,985,985,985
12,3,35,福建省,Fujian,0,0,0,0,0,0,0,0,0,0,0,0,0,0,0,0,0,0,0,1,6,4,4,5,4,11,4,7,8,5,7,11,7,7,5,16,22,16,15,9,14,17,20,7,9,2,4,8,6,8,9,6,11,0,0,0,0,0,0,0,0,0,0,0,0,0,0,0,0,0,0,0,0,0,0,0,0,3,1,2,0,3,1,2,1,2,2,9,4,4,2,2,1,2,3,0,2,0,1,4,3,0,0,0,0,4,0,0,0,0,0,0,0,1,0,0,0,0,0,0,0,1,0,0,0,0,0,0,0,0,0,0,0,0,0,0,0,0,1,0,0,0,0,0,0,0,0,0,0,0,0,0,0,0,0,0,1,0,0,0,0,0,0,0,0,0,0,0,2,0,0,1,0,0,0,0,0,1,0,0,0,0,0,0,0,0,0,0,0,0,0,0,0,0,0,0,1,1,0,0,0,0,0,0,0,0,0,0,0,0,0,1,1,0,0,0,0,0,0,0,0,0,0,0,0,1,0,0,0,0,2,1,0,1,0,2,0,-372,373,0,1,1,1,1,0,0,0,3,0,0,0,0,1,3,1,0,2,0,1,0,2,1,0,2,1,0,3,2,1,0,0,0,0,0,0,0,0,0,0,0,0,0,0,0,0,0,0,0,0,1,7,11,15,20,24,35,39,46,54,59,66,77,84,91,96,112,134,150,165,174,188,205,225,232,241,243,247,255,261,269,278,284,295,295,295,295,295,295,295,295,295,295,295,295,295,295,295,295,295,295,295,295,295,295,295,295,295,298,299,301,301,304,305,307,308,310,312,321,325,329,331,333,334,336,339,339,341,341,342,346,349,349,349,349,349,353,353,353,353,353,353,353,353,354,354,354,354,354,354,354,354,355,355,355,355,355,355,355,355,355,355,355,355,355,355,355,355,355,356,356,356,356,356,356,356,356,356,356,356,356,356,356,356,356,356,356,357,357,357,357,357,357,357,357,357,357,357,357,359,359,359,360,360,360,360,360,360,361,361,361,361,361,361,361,361,361,361,361,361,361,361,361,361,361,361,361,362,363,363,363,363,363,363,363,363,363,363,363,363,363,363,364,365,365,365,365,365,365,365,365,365,365,365,365,365,366,366,366,366,366,368,369,369,370,370,372,372,0,373,373,374,375,376,377,377,377,377,380,380,380,380,380,381,384,385,385,387,387,388,388,390,391,391,393,394,394,397,399,400,400
13,16,36,江西省,Jiangxi,0,0,0,0,0,0,0,0,0,0,0,0,0,3,0,4,2,1,8,1,8,10,8,10,17,30,25,25,18,17,23,29,36,35,52,70,57,55,67,34,37,37,35,36,21,20,0,19,20,14,17,7,8,3,4,4,7,0,0,0,0,0,0,0,0,0,0,0,0,0,0,0,0,0,0,1,0,0,0,0,0,0,0,0,0,0,1,0,0,0,0,0,0,0,0,0,0,0,0,0,0,0,0,0,0,0,0,0,0,0,0,0,0,0,0,0,0,0,0,0,0,0,0,0,0,0,0,0,0,0,0,0,0,0,0,0,0,0,0,0,-5,0,0,0,0,0,0,0,0,0,0,0,0,0,0,0,0,0,0,0,0,0,0,0,0,0,0,0,0,0,0,0,0,0,0,0,0,0,0,0,0,0,0,0,0,0,0,0,0,0,0,0,0,0,0,0,0,0,0,0,0,0,0,0,0,0,0,0,0,0,0,0,0,0,0,0,0,0,0,0,0,0,0,0,0,1,2,0,0,0,0,0,0,0,0,0,0,-934,934,0,0,0,0,0,0,0,0,0,0,0,0,0,0,0,0,0,0,0,0,0,0,0,0,0,0,0,0,0,0,0,0,0,0,0,0,0,0,0,0,0,0,0,0,3,3,7,9,10,18,19,27,37,45,55,72,102,127,152,170,187,210,239,275,310,362,432,489,544,611,645,682,719,754,790,811,831,831,850,870,884,901,908,916,919,923,927,934,934,934,934,934,934,934,934,934,934,934,934,934,934,934,934,934,934,934,935,935,935,935,935,935,935,935,935,935,935,936,936,936,936,936,936,936,936,936,936,936,936,936,936,936,936,936,936,936,936,936,936,936,936,936,936,936,936,936,936,936,936,936,936,936,936,936,936,936,936,936,936,936,936,936,936,936,936,936,936,936,936,936,936,931,931,931,931,931,931,931,931,931,931,931,931,931,931,931,931,931,931,931,931,931,931,931,931,931,931,931,931,931,931,931,931,931,931,931,931,931,931,931,931,931,931,931,931,931,931,931,931,931,931,931,931,931,931,931,931,931,931,931,931,931,931,931,931,931,931,931,931,931,931,931,931,931,931,931,931,931,931,931,931,931,931,931,931,931,932,934,934,934,934,934,934,934,934,934,934,934,0,934,934,934,934,934,934,934,934,934,934,934,934,934,934,934,934,934,934,934,934,934,934,934,934,934,934,934,934,934,934,934,934
14,21,37,山东省,Shandong,0,0,0,0,0,0,0,0,0,0,0,0,0,0,1,1,0,3,1,1,6,5,13,7,12,13,8,9,18,13,28,25,11,18,22,23,32,23,18,14,18,14,24,9,21,20,24,42,14,65,26,23,12,10,56,17,13,6,1,1,2,3,0,1,1,1,1,1,1,0,0,0,0,0,1,0,0,0,1,1,0,0,0,0,1,0,1,0,1,1,2,0,0,4,0,0,0,1,0,0,1,0,1,0,0,3,1,0,0,0,1,0,2,0,1,0,0,1,0,0,0,1,2,0,0,0,0,0,0,0,0,0,0,0,0,0,0,0,0,0,0,0,0,0,0,1,0,0,0,0,0,1,0,1,0,0,0,2,0,0,0,0,0,0,0,0,0,0,0,0,0,0,0,0,0,0,0,0,0,0,0,0,0,0,0,0,0,0,0,0,0,0,0,0,0,0,0,0,0,1,0,0,0,0,0,1,1,0,0,0,0,1,0,1,0,0,3,0,0,1,1,2,1,0,3,0,1,4,1,0,1,1,0,0,0,1,1,-811,811,1,0,1,0,0,0,0,0,1,1,1,0,0,0,0,5,0,1,1,0,0,0,0,0,0,0,0,0,0,0,1,0,0,0,0,0,0,0,0,0,0,0,0,0,0,1,2,2,5,6,7,13,18,31,38,50,63,71,80,98,111,139,164,175,193,215,238,270,293,311,325,343,357,381,390,411,431,455,497,511,576,602,625,637,647,703,720,733,739,740,741,743,746,746,747,748,749,750,751,752,752,752,752,752,752,753,753,753,753,754,755,755,755,755,755,756,756,757,757,758,759,761,761,761,765,765,765,765,766,766,766,767,767,768,768,768,771,772,772,772,772,773,773,775,775,776,776,776,777,777,777,777,778,780,780,780,780,780,780,780,780,780,780,780,780,780,780,780,780,780,780,780,780,780,780,780,781,781,781,781,781,781,782,782,783,783,783,783,785,785,785,785,785,785,785,785,785,785,785,785,785,785,785,785,785,785,785,785,785,785,785,785,785,785,785,785,785,785,785,785,785,785,785,785,785,785,785,785,785,785,786,786,786,786,786,786,787,788,788,788,788,788,789,789,790,790,790,793,793,793,794,795,797,798,798,801,801,802,806,807,807,808,809,809,809,809,810,811,0,811,812,812,813,813,813,813,813,813,814,815,816,816,816,816,816,821,821,822,823,823,823,823,823,823,823,823,823,823,823,823,824
15,10,41,河南省,Henan,0,0,0,0,0,0,0,0,0,0,0,0,0,1,1,1,0,1,10,6,21,13,14,29,34,38,29,33,27,55,43,41,41,67,47,62,103,85,59,69,59,34,39,41,58,24,20,1,28,5,2,3,2,1,0,2,0,0,0,1,0,0,0,0,0,0,0,0,0,0,0,0,0,1,0,0,0,0,0,0,0,1,0,0,0,0,0,1,0,1,0,0,0,0,0,0,0,0,0,0,0,0,0,0,0,0,0,0,0,0,0,0,0,0,0,0,0,0,0,0,0,0,0,0,0,0,0,0,0,0,0,0,0,0,0,0,0,0,0,0,0,0,0,0,0,0,0,0,0,0,0,0,0,0,0,0,0,0,0,0,0,0,0,0,0,0,0,0,0,0,0,0,0,0,0,0,0,0,0,0,0,0,0,0,0,0,0,0,0,0,0,0,0,0,0,0,0,0,0,0,0,0,0,0,0,0,0,0,0,0,0,0,0,0,0,0,0,0,0,0,0,0,0,0,0,0,0,0,0,0,0,0,0,0,0,0,0,-1254,1254,0,0,0,0,0,0,0,0,0,0,0,0,0,0,0,0,0,0,0,0,0,0,0,0,0,0,0,1,0,0,0,0,0,0,0,0,0,0,0,0,0,0,0,0,1,2,3,3,4,14,20,41,54,68,97,131,169,198,231,258,313,356,397,438,505,552,614,717,802,861,930,989,1023,1062,1103,1161,1185,1205,1206,1234,1239,1241,1244,1246,1247,1247,1249,1249,1249,1249,1250,1250,1250,1250,1250,1250,1250,1250,1250,1250,1250,1250,1250,1250,1251,1251,1251,1251,1251,1251,1251,1251,1252,1252,1252,1252,1252,1252,1253,1253,1254,1254,1254,1254,1254,1254,1254,1254,1254,1254,1254,1254,1254,1254,1254,1254,1254,1254,1254,1254,1254,1254,1254,1254,1254,1254,1254,1254,1254,1254,1254,1254,1254,1254,1254,1254,1254,1254,1254,1254,1254,1254,1254,1254,1254,1254,1254,1254,1254,1254,1254,1254,1254,1254,1254,1254,1254,1254,1254,1254,1254,1254,1254,1254,1254,1254,1254,1254,1254,1254,1254,1254,1254,1254,1254,1254,1254,1254,1254,1254,1254,1254,1254,1254,1254,1254,1254,1254,1254,1254,1254,1254,1254,1254,1254,1254,1254,1254,1254,1254,1254,1254,1254,1254,1254,1254,1254,1254,1254,1254,1254,1254,1254,1254,1254,1254,1254,1254,1254,1254,1254,1254,1254,1254,1254,1254,1254,1254,1254,1254,1254,1254,1254,1254,1254,1254,1254,1254,1254,1254,1254,1254,1254,1254,1254,1254,1254,1254,0,1254,1254,1254,1254,1254,1254,1254,1254,1254,1254,1254,1254,1254,1254,1254,1254,1254,1254,1254,1254,1254,1254,1254,1254,1254,1254,1254,1254,1255,1255,1255,1255
16,12,42,湖北省,Hubei,5,3,4,5,1,0,3,0,3,1,10,2,3,33,10,26,50,49,80,101,124,113,184,298,324,356,427,417,533,690,912,849,1016,1223,1266,1209,1451,1769,1742,1439,2116,2058,2288,3203,2492,2292,2570,2410,33,4279,99,2890,1543,1422,1152,1471,1242,18,1248,2714,816,893,18,881,1495,561,490,447,444,487,391,530,367,467,317,271,0,173,145,291,183,69,59,69,45,49,28,17,57,0,64,33,0,-941,0,17,3,0,33,22,24,11,12,0,0,0,0,0,0,0,0,0,0,0,0,0,0,0,0,0,0,0,0,0,0,0,0,0,0,0,0,1,0,1,0,0,0,1,1,0,0,0,3,0,0,0,0,0,0,0,0,0,0,0,0,0,0,0,0,0,0,0,0,0,0,0,0,0,0,0,0,0,0,0,0,0,0,0,0,0,0,0,0,0,0,0,0,0,0,0,0,0,0,0,0,0,0,0,0,0,0,0,0,0,0,0,0,0,0,0,0,0,0,2,0,0,0,1,0,0,0,0,0,0,0,0,0,0,0,1,0,0,0,0,0,0,0,-63627,63627,0,0,0,0,0,0,0,0,0,0,0,0,0,0,0,0,0,0,0,0,0,0,0,0,0,0,0,0,0,0,0,12,15,19,24,25,25,28,28,31,32,42,44,47,80,90,116,166,215,295,396,520,633,817,1115,1439,1795,2222,2639,3172,3862,4774,5623,6639,7862,9128,10337,11788,13557,15299,16738,18854,20912,23200,26403,28895,31187,33757,36167,36200,40479,40578,43468,45011,46433,47585,49056,50298,50316,51564,54278,55094,55987,56005,56886,58381,58942,59432,59879,60323,60810,61201,61731,62098,62565,62882,63153,63153,63326,63471,63762,63945,64014,64073,64142,64187,64236,64264,64281,64338,64338,64402,64435,64435,63494,63494,63511,63514,63514,63547,63569,63593,63604,63616,63616,63616,63616,63616,63616,63616,63616,63616,63616,63616,63616,63616,63616,63616,63616,63616,63616,63616,63616,63616,63616,63616,63616,63616,63616,63616,63616,63616,63617,63617,63618,63618,63618,63618,63619,63620,63620,63620,63620,63623,63623,63623,63623,63623,63623,63623,63623,63623,63623,63623,63623,63623,63623,63623,63623,63623,63623,63623,63623,63623,63623,63623,63623,63623,63623,63623,63623,63623,63623,63623,63623,63623,63623,63623,63623,63623,63623,63623,63623,63623,63623,63623,63623,63623,63623,63623,63623,63623,63623,63623,63623,63623,63623,63623,63623,63623,63623,63623,63623,63623,63623,63623,63623,63623,63623,63623,63623,63623,63623,63623,63625,63625,63625,63625,63626,63626,63626,63626,63626,63626,63626,63626,63626,63626,63626,63626,63627,63627,63627,63627,63627,63627,63627,63627,0,63627,63627,63627,63627,63627,63627,63627,63627,63627,63627,63627,63627,63627,63627,63627,63627,63627,63627,63627,63627,63627,63627,63627,63627,63627,63627,63627,63627,63627,63627,63627,63627
17,13,43,湖南省,Hunan,0,0,0,0,0,0,0,0,0,0,0,0,0,0,0,2,1,5,8,6,13,21,35,28,40,27,27,50,49,40,37,41,37,34,41,36,60,32,34,17,30,28,14,27,21,12,23,10,27,20,13,13,6,14,9,7,3,6,5,5,0,0,0,0,0,0,0,0,0,0,0,0,0,0,0,0,0,0,0,0,0,0,0,0,0,0,0,0,0,0,0,0,0,1,0,0,0,0,0,0,0,0,0,0,0,0,0,0,0,0,0,0,0,0,0,0,0,0,0,0,0,0,0,0,0,0,0,0,0,0,0,0,0,0,0,0,0,0,0,0,0,0,0,0,0,0,0,0,0,0,0,0,0,0,0,0,0,0,0,0,0,0,0,0,0,0,0,0,0,0,0,0,0,0,0,0,0,0,0,0,0,0,0,0,0,0,0,0,0,0,0,0,0,0,0,0,0,0,0,0,0,0,0,0,0,0,0,0,0,0,0,0,0,0,0,0,0,0,0,0,0,0,0,0,0,0,0,0,0,0,0,0,0,0,0,0,0,-1015,1015,0,0,0,0,0,0,0,0,0,0,0,0,0,0,0,0,0,0,0,0,0,0,0,0,0,0,0,0,0,0,0,0,0,0,0,0,0,0,0,0,0,0,0,0,0,0,2,3,8,16,22,35,56,91,119,159,186,213,263,312,352,389,430,467,501,542,578,638,670,704,721,751,779,793,820,841,853,876,886,913,933,946,959,965,979,988,995,998,1004,1009,1014,1014,1014,1014,1014,1014,1014,1014,1014,1014,1014,1014,1014,1014,1014,1014,1014,1014,1014,1014,1014,1014,1014,1014,1014,1014,1014,1014,1014,1014,1014,1014,1014,1014,1015,1015,1015,1015,1015,1015,1015,1015,1015,1015,1015,1015,1015,1015,1015,1015,1015,1015,1015,1015,1015,1015,1015,1015,1015,1015,1015,1015,1015,1015,1015,1015,1015,1015,1015,1015,1015,1015,1015,1015,1015,1015,1015,1015,1015,1015,1015,1015,1015,1015,1015,1015,1015,1015,1015,1015,1015,1015,1015,1015,1015,1015,1015,1015,1015,1015,1015,1015,1015,1015,1015,1015,1015,1015,1015,1015,1015,1015,1015,1015,1015,1015,1015,1015,1015,1015,1015,1015,1015,1015,1015,1015,1015,1015,1015,1015,1015,1015,1015,1015,1015,1015,1015,1015,1015,1015,1015,1015,1015,1015,1015,1015,1015,1015,1015,1015,1015,1015,1015,1015,1015,1015,1015,1015,1015,1015,1015,1015,1015,1015,1015,1015,1015,1015,1015,1015,1015,1015,1015,1015,1015,1015,1015,1015,0,1015,1015,1015,1015,1015,1015,1015,1015,1015,1015,1015,1015,1015,1015,1015,1015,1015,1015,1015,1015,1015,1015,1015,1015,1015,1015,1015,1015,1015,1015,1015,1015
18,5,44,广东省,Guangdong,0,0,0,0,0,0,0,0,2,0,0,0,2,1,1,3,-9,12,2,6,12,17,19,29,28,18,38,60,43,48,54,50,37,57,41,48,45,56,20,32,33,36,32,46,53,37,25,47,14,43,71,9,22,13,7,22,6,1,10,0,5,2,1,7,4,7,0,4,4,1,0,3,0,8,6,2,3,1,11,1,9,9,8,6,22,11,0,3,6,15,4,9,4,7,8,4,7,2,15,10,6,8,0,1,5,6,3,8,2,1,1,3,3,0,0,1,0,1,1,0,1,0,0,0,0,0,0,1,0,0,0,1,0,0,1,0,1,0,0,0,0,0,1,0,0,1,1,1,1,1,1,0,0,2,1,10,1,9,1,0,5,1,1,0,1,0,3,2,0,0,2,0,2,0,0,0,0,3,0,0,0,1,0,1,0,0,0,1,0,0,0,2,2,1,3,0,3,3,2,0,1,3,2,2,0,2,1,5,2,1,4,2,3,2,1,0,3,2,2,4,1,5,0,1,2,3,8,1,2,1,2,0,1,0,1,4,6,-1733,1743,2,0,4,2,2,0,7,4,3,1,3,3,3,3,2,3,0,4,3,4,0,3,4,1,2,2,3,4,6,1,1,0,0,0,0,0,0,0,0,2,2,2,2,4,5,6,9,0,12,14,20,32,49,68,97,125,143,181,241,284,332,386,436,473,530,571,619,664,720,740,772,805,841,873,919,972,1009,1034,1081,1095,1138,1209,1218,1240,1253,1260,1282,1288,1289,1299,1299,1304,1306,1307,1314,1318,1325,1325,1329,1333,1334,1334,1337,1337,1345,1351,1353,1356,1357,1368,1369,1378,1387,1395,1401,1423,1434,1434,1437,1443,1458,1462,1471,1475,1482,1490,1494,1501,1503,1518,1528,1534,1542,1542,1543,1548,1554,1557,1565,1567,1568,1569,1572,1575,1575,1575,1576,1576,1577,1578,1578,1579,1579,1579,1579,1579,1579,1579,1580,1580,1580,1580,1581,1581,1581,1582,1582,1583,1583,1583,1583,1583,1583,1584,1584,1584,1585,1586,1587,1588,1589,1590,1590,1590,1592,1593,1603,1604,1613,1614,1614,1619,1620,1621,1621,1622,1622,1625,1627,1627,1627,1629,1629,1631,1631,1631,1631,1631,1634,1634,1634,1634,1635,1635,1636,1636,1636,1636,1637,1637,1637,1637,1639,1641,1642,1645,1645,1648,1651,1653,1653,1654,1657,1659,1661,1661,1663,1664,1669,1671,1672,1676,1678,1681,1683,1684,1684,1687,1689,1691,1695,1696,1701,1701,1702,1704,1707,1715,1716,1718,1719,1721,1721,1722,1722,1723,1727,1733,0,1743,1745,1745,1749,1751,1753,1753,1760,1764,1767,1768,1771,1774,1777,1780,1782,1785,1785,1789,1792,1796,1796,1799,1803,1804,1806,1808,1811,1815,1821,1822,1823
19,6,45,广西省,Guangxi,0,0,0,0,0,0,0,0,0,0,0,0,0,2,0,0,0,0,0,5,3,4,3,0,1,0,12,1,2,2,5,6,5,7,18,11,8,4,5,3,22,9,21,7,6,7,9,14,8,3,4,2,4,7,4,3,4,2,0,0,4,1,2,0,0,0,0,0,0,0,0,0,0,0,0,0,0,0,2,0,0,0,0,0,0,0,0,0,0,0,0,0,0,0,0,0,0,0,0,0,0,0,0,0,0,0,0,0,0,0,0,0,0,0,0,0,0,0,0,0,0,0,0,0,0,0,0,0,0,0,0,0,0,0,0,0,0,0,0,0,0,0,0,0,0,0,0,0,0,0,0,0,0,0,0,0,0,0,0,0,0,0,0,0,0,0,0,0,0,0,0,0,0,0,0,0,0,0,0,0,0,0,0,0,0,0,0,0,0,0,1,0,0,0,0,0,0,0,0,0,0,0,0,0,0,0,0,0,0,0,0,0,0,0,0,0,0,0,0,0,0,0,0,0,0,0,0,0,0,0,0,0,0,0,0,0,0,-253,253,0,0,0,0,0,0,0,0,0,0,0,0,1,0,0,0,0,0,0,0,0,1,0,0,0,0,0,0,0,1,0,0,0,0,0,0,0,0,0,0,0,0,0,0,2,2,2,2,2,2,7,10,14,17,17,18,18,30,31,33,35,40,46,51,58,76,87,95,99,104,107,129,138,159,166,172,179,188,202,210,213,217,219,223,230,234,237,241,243,243,243,247,248,250,250,250,250,250,250,250,250,250,250,250,250,250,250,250,250,252,252,252,252,252,252,252,252,252,252,252,252,252,252,252,252,252,252,252,252,252,252,252,252,252,252,252,252,252,252,252,252,252,252,252,252,252,252,252,252,252,252,252,252,252,252,252,252,252,252,252,252,252,252,252,252,252,252,252,252,252,252,252,252,252,252,252,252,252,252,252,252,252,252,252,252,252,252,252,252,252,252,252,252,252,252,252,252,252,252,252,252,252,252,252,252,252,252,252,252,252,252,252,252,252,252,252,252,252,252,252,252,253,253,253,253,253,253,253,253,253,253,253,253,253,253,253,253,253,253,253,253,253,253,253,253,253,253,253,253,253,253,253,253,253,253,253,253,253,253,253,253,253,253,253,253,253,253,253,0,253,253,253,253,253,253,253,253,253,253,253,253,253,254,254,254,254,254,254,254,254,254,255,255,255,255,255,255,255,255,256,256
20,8,46,海南省,Hainan,0,0,0,0,0,0,0,0,0,0,0,0,0,0,1,0,0,0,3,0,0,1,3,3,4,4,0,1,7,3,8,1,13,7,20,5,5,7,8,2,10,8,5,3,4,12,0,3,4,3,0,0,0,1,0,0,1,0,0,0,0,1,0,0,0,0,0,0,0,1,0,0,0,0,0,0,0,0,0,0,0,0,0,0,0,0,0,0,0,0,0,0,0,0,0,0,0,0,0,0,0,0,0,0,0,0,0,0,0,0,0,0,0,0,0,0,0,0,0,0,0,0,0,0,0,0,0,0,0,0,0,0,0,0,0,1,0,0,-1,0,0,0,0,0,0,0,0,0,0,0,0,0,1,0,0,0,0,0,0,0,0,0,0,2,0,0,0,0,0,0,0,0,0,0,0,0,0,0,0,0,0,0,0,0,0,0,0,0,0,0,0,0,0,0,0,0,0,0,0,0,0,0,0,0,0,0,0,0,0,0,0,0,0,0,0,0,0,0,0,0,0,0,0,0,0,0,0,0,0,0,0,0,0,0,0,0,0,-165,165,0,0,0,0,0,0,0,0,0,0,0,0,0,0,0,0,0,0,0,0,0,0,0,0,0,0,0,0,0,0,0,0,0,0,0,0,0,0,0,0,0,0,0,0,0,1,1,1,1,4,4,4,5,8,11,15,19,19,20,27,30,38,39,52,59,79,84,89,96,104,106,116,124,129,132,136,148,148,151,155,158,158,158,158,159,159,159,160,160,160,160,160,161,161,161,161,161,161,161,161,162,162,162,162,162,162,162,162,162,162,162,162,162,162,162,162,162,162,162,162,162,162,162,162,162,162,162,162,162,162,162,162,162,162,162,162,162,162,162,162,162,162,162,162,162,162,162,162,162,162,162,162,162,162,162,162,162,162,162,162,162,162,162,162,162,162,163,163,163,162,162,162,162,162,162,162,162,162,162,162,162,162,162,163,163,163,163,163,163,163,163,163,163,163,165,165,165,165,165,165,165,165,165,165,165,165,165,165,165,165,165,165,165,165,165,165,165,165,165,165,165,165,165,165,165,165,165,165,165,165,165,165,165,165,165,165,165,165,165,165,165,165,165,165,165,165,165,165,165,165,165,165,165,165,165,165,165,165,165,165,165,165,165,165,165,165,165,165,0,165,165,165,165,165,165,165,165,165,165,165,165,165,165,165,165,165,165,165,165,165,165,165,165,165,165,165,165,165,165,165,165
21,31,50,重庆市,Chongqing,0,0,0,0,0,0,0,0,0,0,0,0,0,0,1,0,0,2,4,2,5,1,9,7,8,12,15,13,23,26,24,32,23,18,29,20,25,17,12,7,14,23,12,17,21,16,12,19,21,12,10,1,13,1,15,5,7,10,2,0,4,0,0,0,0,0,0,0,0,0,0,0,0,0,0,0,0,0,0,0,0,0,0,0,0,0,0,0,0,0,0,0,0,0,0,0,0,0,0,3,0,0,0,0,0,0,0,0,0,0,0,0,0,0,0,0,0,0,0,0,0,0,0,0,0,0,0,0,0,0,0,0,0,0,0,0,0,0,0,0,0,0,0,0,0,0,0,0,0,0,0,0,0,0,0,0,0,0,0,0,0,0,0,0,0,0,0,0,0,0,1,0,0,0,0,0,1,0,0,0,0,0,1,0,0,0,0,0,0,0,0,0,0,0,0,0,1,0,0,0,0,0,0,0,0,0,0,0,0,0,0,0,0,0,0,0,0,0,0,0,0,0,0,0,0,0,0,0,0,0,0,0,0,0,0,0,0,-577,577,0,0,0,0,0,0,0,0,0,0,0,1,0,0,0,0,0,0,0,0,0,0,0,0,0,0,0,0,0,0,0,0,0,0,0,0,0,0,0,0,0,0,0,0,0,1,1,1,3,7,9,14,15,24,31,39,51,66,79,102,128,152,184,207,225,254,274,299,316,328,335,349,372,384,401,422,438,450,469,490,502,512,513,526,527,542,547,554,564,566,566,570,570,570,570,570,570,570,570,570,570,570,570,570,570,570,570,570,570,570,570,570,570,570,570,570,570,570,570,570,570,570,570,570,570,570,570,570,570,570,573,573,573,573,573,573,573,573,573,573,573,573,573,573,573,573,573,573,573,573,573,573,573,573,573,573,573,573,573,573,573,573,573,573,573,573,573,573,573,573,573,573,573,573,573,573,573,573,573,573,573,573,573,573,573,573,573,573,573,573,573,573,573,573,573,573,573,573,573,573,573,574,574,574,574,574,574,575,575,575,575,575,575,576,576,576,576,576,576,576,576,576,576,576,576,576,576,577,577,577,577,577,577,577,577,577,577,577,577,577,577,577,577,577,577,577,577,577,577,577,577,577,577,577,577,577,577,577,577,577,577,577,577,577,577,577,577,577,0,577,577,577,577,577,577,577,577,577,577,577,577,578,578,578,578,578,578,578,578,578,578,578,578,578,578,578,578,578,578,578,578
22,25,51,四川省,Sichuan,0,0,0,0,0,0,0,0,0,0,0,0,0,0,1,0,2,0,9,2,9,4,10,13,10,16,6,3,8,12,10,12,9,27,14,21,24,20,14,7,15,14,18,16,24,13,15,11,11,6,22,20,9,8,5,14,10,6,10,5,1,4,0,5,11,0,0,0,0,0,0,0,0,0,0,0,0,1,0,1,1,1,1,0,0,5,1,0,1,0,2,2,0,0,2,0,0,2,1,1,0,0,0,0,0,0,0,0,0,0,0,0,0,0,0,0,0,0,0,0,0,0,0,0,0,0,0,0,0,0,0,0,0,0,0,0,0,0,0,0,0,0,0,0,0,0,0,0,2,1,1,1,0,0,2,2,2,1,0,0,2,1,2,0,0,0,2,1,2,0,1,0,0,0,0,0,1,3,2,0,0,2,0,1,1,1,0,0,1,0,1,0,0,0,0,1,1,0,1,0,0,0,0,1,0,1,0,0,0,0,1,2,3,1,0,0,2,1,0,1,1,0,0,4,2,2,1,2,0,0,2,3,3,2,2,0,0,-634,642,0,3,0,0,3,2,0,1,1,0,0,2,1,1,1,0,0,2,1,0,0,3,0,0,0,1,0,1,0,5,3,0,0,0,0,0,0,0,0,0,0,0,0,0,0,1,1,3,3,12,14,23,27,37,50,60,76,82,85,93,105,115,127,136,163,177,198,222,242,256,263,278,292,310,326,350,363,378,389,400,406,428,448,457,465,470,484,494,500,510,515,516,520,520,525,536,536,536,536,536,536,536,536,536,536,536,536,536,537,537,538,539,540,541,541,541,546,547,547,548,548,550,552,552,552,554,554,554,556,557,558,558,558,558,558,558,558,558,558,558,558,558,558,558,558,558,558,558,558,558,558,558,558,558,558,558,558,558,558,558,558,558,558,558,558,558,558,558,558,558,558,558,558,558,558,558,558,558,558,560,561,562,563,563,563,565,567,569,570,570,570,572,573,575,575,575,575,577,578,580,580,581,581,581,581,581,581,582,585,587,587,587,589,589,590,591,592,592,592,593,593,594,594,594,594,594,595,596,596,597,597,597,597,597,598,598,599,599,599,599,599,600,602,605,606,606,606,608,609,609,610,611,611,611,615,617,619,620,622,622,622,624,627,630,632,634,634,634,0,642,642,645,645,645,648,650,650,651,652,652,652,654,655,656,657,657,657,659,660,660,660,663,663,663,663,664,664,665,665,670,673
23,7,52,贵州省,Guizhou,0,0,0,0,0,0,0,0,0,0,0,0,0,1,0,0,1,0,0,0,3,1,0,0,1,0,3,7,3,8,5,4,10,19,3,2,5,14,1,11,1,1,8,0,0,0,2,0,0,0,0,1,2,6,0,10,4,3,3,0,0,1,0,0,0,0,0,0,0,0,0,0,0,0,0,0,0,0,0,0,0,0,0,0,0,0,0,0,0,0,0,0,0,0,1,0,0,0,0,0,0,0,0,0,0,0,0,0,0,0,0,0,0,0,0,0,0,0,0,0,0,0,0,0,0,0,0,0,0,0,0,0,0,0,0,0,0,0,0,0,0,0,0,0,0,0,0,0,0,0,0,0,0,0,0,0,0,0,0,0,0,0,0,0,0,0,0,0,0,0,0,0,0,0,0,0,0,0,0,0,0,0,0,0,0,0,0,0,0,0,0,0,0,0,0,0,0,0,0,0,0,0,0,0,0,0,0,0,0,0,0,0,0,0,0,0,0,0,0,0,0,0,0,0,0,0,0,0,0,0,0,0,0,0,0,0,0,-145,145,0,0,0,0,0,0,0,0,0,0,0,0,0,0,0,0,0,0,0,0,0,0,0,0,0,0,0,0,0,0,0,0,0,0,0,0,0,0,0,0,0,0,0,0,1,1,1,2,2,2,2,5,6,6,6,7,7,10,17,20,28,33,37,47,66,69,71,76,90,91,102,103,104,112,112,112,112,114,114,114,114,114,115,117,123,123,133,137,140,143,143,143,144,144,144,144,144,144,144,144,144,144,144,144,144,144,144,144,144,144,144,144,144,144,144,144,144,144,144,144,144,144,144,144,144,145,145,145,145,145,145,145,145,145,145,145,145,145,145,145,145,145,145,145,145,145,145,145,145,145,145,145,145,145,145,145,145,145,145,145,145,145,145,145,145,145,145,145,145,145,145,145,145,145,145,145,145,145,145,145,145,145,145,145,145,145,145,145,145,145,145,145,145,145,145,145,145,145,145,145,145,145,145,145,145,145,145,145,145,145,145,145,145,145,145,145,145,145,145,145,145,145,145,145,145,145,145,145,145,145,145,145,145,145,145,145,145,145,145,145,145,145,145,145,145,145,145,145,145,145,145,145,145,145,145,145,145,145,145,145,145,145,145,145,145,145,145,145,0,145,145,145,145,145,145,145,145,145,145,145,145,145,145,145,145,145,145,145,145,145,145,145,145,145,145,145,145,145,145,145,145
24,29,53,云南省,Yunnan,0,0,0,0,0,0,0,0,0,0,0,0,0,0,0,0,1,1,1,2,0,0,2,5,5,1,1,1,3,4,8,7,0,5,10,3,19,17,11,8,9,5,15,6,6,1,6,5,1,0,0,1,0,0,0,0,0,0,0,2,0,0,0,0,0,0,0,0,0,0,0,0,0,0,0,0,0,0,0,0,0,0,1,0,0,0,1,0,0,1,1,0,1,0,1,0,0,0,0,2,0,1,0,0,0,0,0,0,0,0,0,0,0,0,1,0,1,0,0,0,0,0,0,0,0,0,0,0,0,0,0,0,0,0,0,0,0,0,0,0,0,0,0,0,0,0,0,0,0,0,0,0,0,0,0,0,0,0,0,0,0,0,0,0,0,0,0,0,0,0,0,0,0,0,0,0,0,0,0,0,0,0,0,0,0,1,0,0,1,0,0,0,1,0,0,0,0,0,0,1,0,0,0,0,0,0,0,1,0,0,0,0,0,0,0,0,0,1,0,0,0,0,0,0,0,0,2,0,0,0,0,0,0,0,0,1,0,-192,193,0,0,0,1,1,0,0,0,0,1,0,0,0,0,0,0,0,0,1,0,0,0,1,1,0,1,0,0,0,0,0,0,0,0,0,0,0,0,0,0,0,0,0,0,0,0,0,1,2,3,5,5,5,7,12,17,18,19,20,23,27,35,42,42,47,57,60,79,96,107,115,124,129,144,150,156,157,163,168,169,169,169,170,170,170,170,170,170,170,170,172,172,172,172,172,172,172,172,172,172,172,172,172,172,172,172,172,172,172,172,172,172,172,173,173,173,173,174,174,174,175,176,176,177,177,178,178,178,178,178,180,180,181,181,181,181,181,181,181,181,181,181,181,181,181,182,182,183,183,183,183,183,183,183,183,183,183,183,183,183,183,183,183,183,183,183,183,183,183,183,183,183,183,183,183,183,183,183,183,183,183,183,183,183,183,183,183,183,183,183,183,183,183,183,183,183,183,183,183,183,183,183,183,183,183,183,183,183,183,183,183,183,183,183,183,183,184,184,184,185,185,185,185,186,186,186,186,186,186,186,187,187,187,187,187,187,187,187,188,188,188,188,188,188,188,188,188,188,189,189,189,189,189,189,189,189,189,191,191,191,191,191,191,191,191,191,192,192,0,193,193,193,193,194,195,195,195,195,195,196,196,196,196,196,196,196,196,196,197,197,197,197,198,199,199,200,200,200,200,200,200
25,27,54,西藏,Xizang,0,0,0,0,0,0,0,0,0,0,0,0,0,0,0,0,0,0,0,0,0,0,0,0,0,0,0,0,1,0,0,0,0,0,0,0,0,0,0,0,0,0,0,0,0,0,0,0,0,0,0,0,0,0,0,0,0,0,0,0,0,0,0,0,0,0,0,0,0,0,0,0,0,0,0,0,0,0,0,0,0,0,0,0,0,0,0,0,0,0,0,0,0,0,0,0,0,0,0,0,0,0,0,0,0,0,0,0,0,0,0,0,0,0,0,0,0,0,0,0,0,0,0,0,0,0,0,0,0,0,0,0,0,0,0,0,0,0,0,0,0,0,0,0,0,0,0,0,0,0,0,0,0,0,0,0,0,0,0,0,0,0,0,0,0,0,0,0,0,0,0,0,0,0,0,0,0,0,0,0,0,0,0,0,0,0,0,0,0,0,0,0,0,0,0,0,0,0,0,0,0,0,0,0,0,0,0,0,0,0,0,0,0,0,0,0,0,0,0,0,0,0,0,0,0,0,0,0,0,0,0,0,0,0,0,0,0,-1,1,0,0,0,0,0,0,0,0,0,0,0,0,0,0,0,0,0,0,0,0,0,0,0,0,0,0,0,0,0,0,0,0,0,0,0,0,0,0,0,0,0,0,0,0,0,0,0,0,0,0,0,0,0,0,0,0,0,0,0,1,1,1,1,1,1,1,1,1,1,1,1,1,1,1,1,1,1,1,1,1,1,1,1,1,1,1,1,1,1,1,1,1,1,1,1,1,1,1,1,1,1,1,1,1,1,1,1,1,1,1,1,1,1,1,1,1,1,1,1,1,1,1,1,1,1,1,1,1,1,1,1,1,1,1,1,1,1,1,1,1,1,1,1,1,1,1,1,1,1,1,1,1,1,1,1,1,1,1,1,1,1,1,1,1,1,1,1,1,1,1,1,1,1,1,1,1,1,1,1,1,1,1,1,1,1,1,1,1,1,1,1,1,1,1,1,1,1,1,1,1,1,1,1,1,1,1,1,1,1,1,1,1,1,1,1,1,1,1,1,1,1,1,1,1,1,1,1,1,1,1,1,1,1,1,1,1,1,1,1,1,1,1,1,1,1,1,1,1,1,1,1,1,1,1,1,1,1,1,1,1,1,1,1,1,1,1,1,1,0,1,1,1,1,1,1,1,1,1,1,1,1,1,1,1,1,1,1,1,1,1,1,1,1,1,1,1,1,1,1,1,1
26,23,61,陕西省,Shaanxi,0,0,0,0,0,0,0,0,0,0,0,0,0,0,0,0,0,0,0,1,1,4,5,-2,8,3,6,5,5,8,5,4,11,15,10,0,21,7,23,13,22,11,8,3,3,7,2,7,2,4,2,2,0,1,0,0,5,0,0,0,0,1,3,1,0,0,2,0,0,1,0,2,0,0,0,0,0,0,0,2,1,1,0,0,0,0,0,2,0,0,0,3,1,0,0,0,0,1,0,0,0,0,0,0,0,0,0,1,1,5,3,0,1,2,2,24,1,1,2,1,0,3,1,0,0,2,0,0,0,1,1,0,0,0,0,0,0,0,0,0,0,0,0,0,0,0,0,0,1,0,0,0,0,0,0,0,0,0,0,0,1,0,0,0,0,0,0,1,1,1,0,0,1,2,0,0,1,0,0,0,0,0,1,0,0,0,0,1,0,0,1,0,0,0,1,0,0,0,0,0,0,0,0,0,0,0,0,1,0,3,1,1,0,0,0,0,0,11,2,2,2,2,2,2,2,4,0,0,0,2,0,5,0,0,0,0,0,-360,362,2,0,1,3,1,1,0,1,0,1,0,0,0,2,0,0,0,0,4,0,3,1,1,1,2,2,1,5,2,0,1,0,0,0,0,0,0,0,0,0,0,0,0,0,0,0,0,0,0,0,1,2,6,11,9,17,20,26,31,36,44,49,53,64,79,89,89,110,117,140,153,175,186,194,197,200,207,209,216,218,222,224,226,226,227,227,227,232,232,232,232,232,233,236,237,237,237,239,239,239,240,240,242,242,242,242,242,242,242,242,244,245,246,246,246,246,246,246,248,248,248,248,251,252,252,252,252,252,253,253,253,253,253,253,253,253,253,253,254,255,260,263,263,264,266,268,292,293,294,296,297,297,300,301,301,301,303,303,303,303,304,305,305,305,305,305,305,305,305,305,305,305,305,305,305,305,305,305,305,306,306,306,306,306,306,306,306,306,306,306,306,307,307,307,307,307,307,307,308,309,310,310,310,311,313,313,313,314,314,314,314,314,314,315,315,315,315,315,316,316,316,317,317,317,317,318,318,318,318,318,318,318,318,318,318,318,318,318,319,319,322,323,324,324,324,324,324,324,335,337,339,341,343,345,347,349,353,353,353,353,355,355,360,360,360,360,360,360,0,362,364,364,365,368,369,370,370,371,371,372,372,372,372,374,374,374,374,374,378,378,381,382,383,384,386,388,389,394,396,396,397
27,4,62,甘肃省,Gansu,0,0,0,0,0,0,0,0,0,0,0,0,0,0,0,0,0,0,3,0,1,2,3,0,3,4,5,3,7,8,5,5,5,4,4,3,6,5,0,2,2,0,1,1,0,0,2,1,1,1,0,0,0,0,1,0,0,0,1,1,1,0,0,0,7,15,0,1,4,1,2,2,2,0,0,0,0,2,0,4,0,0,1,1,2,0,0,0,0,0,1,0,1,0,0,0,0,0,0,0,0,0,0,0,0,0,0,0,0,0,0,0,0,0,0,0,0,0,0,0,0,0,0,0,0,0,0,0,0,0,0,0,0,0,0,0,0,0,0,0,0,0,0,0,0,0,0,0,0,0,0,0,0,0,0,0,0,0,0,0,0,1,1,0,1,0,3,3,3,4,1,0,0,2,3,3,0,0,0,0,0,2,1,0,0,0,0,0,0,0,0,0,0,0,0,0,0,0,0,0,0,0,0,0,0,0,0,0,0,0,0,0,0,0,2,0,0,0,0,0,0,0,0,0,0,0,0,0,0,0,0,0,0,0,0,0,0,-167,167,1,0,0,0,0,0,0,0,0,0,0,0,0,0,0,0,0,0,0,0,0,0,0,0,0,0,0,0,0,0,0,0,0,0,0,0,0,0,0,0,0,0,0,0,0,0,0,0,0,3,3,4,6,9,9,12,16,21,24,31,39,44,49,54,58,62,65,71,76,76,78,80,80,81,82,82,82,84,85,86,87,87,87,87,87,88,88,88,88,89,90,91,91,91,91,98,113,113,114,118,119,121,123,125,125,125,125,125,127,127,131,131,131,132,133,135,135,135,135,135,135,136,136,137,137,137,137,137,137,137,137,137,137,137,137,137,137,137,137,137,137,137,137,137,137,137,137,137,137,137,137,137,137,137,137,137,137,137,137,137,137,137,137,137,137,137,137,137,137,137,137,137,137,137,137,137,137,137,137,137,137,137,137,137,137,137,137,137,137,137,137,137,138,139,139,140,140,143,146,149,153,154,154,154,156,159,162,162,162,162,162,162,164,165,165,165,165,165,165,165,165,165,165,165,165,165,165,165,165,165,165,165,165,165,165,165,165,165,165,165,165,165,165,165,165,167,167,167,167,167,167,167,167,167,167,167,167,167,167,167,167,167,167,167,167,167,167,167,0,167,168,168,168,168,168,168,168,168,168,168,168,168,168,168,168,168,168,168,168,168,168,168,168,168,168,168,168,168,168,168,168
28,20,63,青海省,Qinghai,0,0,0,0,0,0,0,0,0,0,0,0,0,0,0,0,0,0,0,0,0,3,0,0,0,0,0,2,4,2,0,2,0,0,2,1,0,2,0,0,0,0,0,0,0,0,0,0,0,0,0,0,0,0,0,0,0,0,0,0,0,0,0,0,0,0,0,0,0,0,0,0,0,0,0,0,0,0,0,0,0,0,0,0,0,0,0,0,0,0,0,0,0,0,0,0,0,0,0,0,0,0,0,0,0,0,0,0,0,0,0,0,0,0,0,0,0,0,0,0,0,0,0,0,0,0,0,0,0,0,0,0,0,0,0,0,0,0,0,0,0,0,0,0,0,0,0,0,0,0,0,0,0,0,0,0,0,0,0,0,0,0,0,0,0,0,0,0,0,0,0,0,0,0,0,0,0,0,0,0,0,0,0,0,0,0,0,0,0,0,0,0,0,0,0,0,0,0,0,0,0,0,0,0,0,0,0,0,0,0,0,0,0,0,0,0,0,0,0,0,0,0,0,0,0,0,0,0,0,0,0,0,0,0,0,0,0,-18,18,0,0,0,0,0,0,0,0,0,0,0,0,0,0,0,0,0,0,0,0,0,0,0,0,0,0,0,0,0,0,0,0,0,0,0,0,0,0,0,0,0,0,0,0,0,0,0,0,0,0,0,0,3,3,3,3,3,3,5,9,11,11,13,13,13,15,16,16,18,18,18,18,18,18,18,18,18,18,18,18,18,18,18,18,18,18,18,18,18,18,18,18,18,18,18,18,18,18,18,18,18,18,18,18,18,18,18,18,18,18,18,18,18,18,18,18,18,18,18,18,18,18,18,18,18,18,18,18,18,18,18,18,18,18,18,18,18,18,18,18,18,18,18,18,18,18,18,18,18,18,18,18,18,18,18,18,18,18,18,18,18,18,18,18,18,18,18,18,18,18,18,18,18,18,18,18,18,18,18,18,18,18,18,18,18,18,18,18,18,18,18,18,18,18,18,18,18,18,18,18,18,18,18,18,18,18,18,18,18,18,18,18,18,18,18,18,18,18,18,18,18,18,18,18,18,18,18,18,18,18,18,18,18,18,18,18,18,18,18,18,18,18,18,18,18,18,18,18,18,18,18,18,18,18,18,18,18,18,18,18,18,18,18,18,18,18,18,18,0,18,18,18,18,18,18,18,18,18,18,18,18,18,18,18,18,18,18,18,18,18,18,18,18,18,18,18,18,18,18,18,18
29,19,64,宁夏省,Ningxia,0,0,0,0,0,0,0,0,0,0,0,0,0,0,0,0,0,0,0,0,0,1,0,4,8,0,1,8,2,0,3,6,0,2,7,0,2,4,0,9,1,3,4,3,0,1,0,0,0,0,0,2,0,0,0,0,1,0,0,1,0,2,0,0,0,0,0,0,0,0,0,0,0,0,0,0,0,0,0,0,0,0,0,0,0,0,0,0,0,0,0,0,0,0,0,0,0,0,0,0,0,0,0,0,0,0,0,0,0,0,0,0,0,0,0,0,0,0,0,0,0,0,0,0,0,0,0,0,0,0,0,0,0,0,0,0,0,0,0,0,0,0,0,0,0,0,0,0,0,0,0,0,0,0,0,0,0,0,0,0,0,0,0,0,0,0,0,0,0,0,0,0,0,0,0,0,0,0,0,0,0,0,0,0,0,0,0,0,0,0,0,0,0,0,0,0,0,0,0,0,0,0,0,0,0,0,0,0,0,0,0,0,0,0,0,0,0,0,0,0,0,0,0,0,0,0,0,0,0,0,0,0,0,0,0,0,0,-75,75,0,0,0,0,0,0,0,0,0,0,0,0,0,0,0,0,0,0,0,0,0,0,0,0,0,0,0,0,0,0,0,0,0,0,0,0,0,0,0,0,0,0,0,0,0,0,0,0,0,0,0,0,1,1,5,13,13,14,22,24,24,27,33,33,35,42,42,44,48,48,57,58,61,65,68,68,69,69,69,69,69,69,71,71,71,71,71,72,72,72,73,73,75,75,75,75,75,75,75,75,75,75,75,75,75,75,75,75,75,75,75,75,75,75,75,75,75,75,75,75,75,75,75,75,75,75,75,75,75,75,75,75,75,75,75,75,75,75,75,75,75,75,75,75,75,75,75,75,75,75,75,75,75,75,75,75,75,75,75,75,75,75,75,75,75,75,75,75,75,75,75,75,75,75,75,75,75,75,75,75,75,75,75,75,75,75,75,75,75,75,75,75,75,75,75,75,75,75,75,75,75,75,75,75,75,75,75,75,75,75,75,75,75,75,75,75,75,75,75,75,75,75,75,75,75,75,75,75,75,75,75,75,75,75,75,75,75,75,75,75,75,75,75,75,75,75,75,75,75,75,75,75,75,75,75,75,75,75,75,75,75,75,75,75,75,75,75,75,0,75,75,75,75,75,75,75,75,75,75,75,75,75,75,75,75,75,75,75,75,75,75,75,75,75,75,75,75,75,75,75,75
30,28,65,新疆,Xinjiang,0,0,0,0,0,0,0,0,0,0,0,0,0,0,0,0,0,0,0,0,0,0,0,0,0,0,0,3,0,3,0,5,1,0,2,6,2,2,1,3,2,0,4,9,9,10,2,3,1,1,1,1,1,1,0,0,0,0,0,0,0,0,0,0,0,0,0,0,0,0,0,0,0,0,0,0,0,0,0,0,0,0,0,0,0,0,0,0,0,0,0,0,0,0,0,0,0,0,0,0,0,0,0,0,0,0,0,0,0,0,0,0,0,0,0,0,0,0,0,0,0,0,0,0,0,0,0,0,0,0,0,0,0,0,0,0,0,0,0,0,0,0,0,0,0,0,0,0,0,0,0,0,0,0,0,0,0,0,0,0,0,0,0,0,0,0,0,0,0,0,0,0,0,0,0,0,0,0,0,0,0,0,0,0,0,0,0,0,0,0,0,0,0,0,0,6,0,0,3,14,7,12,0,17,1,48,30,47,38,41,38,49,33,40,24,24,23,29,28,47,29,15,23,36,0,31,19,12,0,13,27,2,4,2,4,7,3,-899,899,0,0,0,0,0,0,0,0,0,0,0,0,0,0,0,0,0,0,0,0,0,0,0,0,0,0,0,0,0,0,0,0,0,0,0,0,0,0,0,0,0,0,0,0,0,0,0,0,0,0,0,0,0,0,0,0,0,0,3,3,6,6,11,12,12,14,20,22,24,25,28,30,30,34,43,52,62,64,67,68,69,70,71,72,73,73,73,73,73,73,73,73,73,73,73,73,73,73,73,73,73,73,73,73,73,73,73,73,73,73,73,73,73,73,73,73,73,73,73,73,73,73,73,73,73,73,73,73,73,73,73,73,73,73,73,73,73,73,73,73,73,73,73,73,73,73,73,73,73,73,73,73,73,73,73,73,73,73,73,73,73,73,73,73,73,73,73,73,73,73,73,73,73,73,73,73,73,73,73,73,73,73,73,73,73,73,73,73,73,73,73,73,73,73,73,73,73,73,73,73,73,73,73,73,73,73,73,73,73,73,73,73,73,73,73,73,73,73,73,73,73,73,73,73,73,73,79,79,79,82,96,103,115,115,132,133,181,211,258,296,337,375,424,457,497,521,545,568,597,625,672,701,716,739,775,775,806,825,837,837,850,877,879,883,885,889,896,899,0,899,899,899,899,899,899,899,899,899,899,899,899,899,899,899,899,899,899,899,899,899,899,899,899,899,899,899,899,899,899,899,899
